ID,Title,Genre,Director,Actor,Synopsis,Img,ResizedImg
Movie1,싱크홀,코미디,김지훈,"차승원, 김성균, 이광수, 권소현, 김혜준","사.상.초.유! 도심 속 초대형 재난 발생!

서울 입성과 함께 내 집 마련의 꿈을 이룬 가장 ‘동원(김성균)’
이사 첫날부터 프로 참견러 ‘만수’(차승원)와 사사건건 부딪힌다.

‘동원’은 자가취득을 기념하며 직장 동료들을 집들이에 초대하지만
행복한 단꿈도 잠시, 순식간에 빌라 전체가 땅 속으로 떨어지고 만다.

마주치기만 하면 투닥거리는 빌라 주민 ‘만수’와 ‘동원’
‘동원’의 집들이에 왔던 ‘김대리’(이광수)와 인턴사원 ‘은주’(김혜준)까지!
지하 500m 싱크홀 속으로 떨어진 이들은 과연 무사히 빠져나갈 수 있을까?

“한 500m 정도는 떨어진 것 같아”
“우리… 나갈 수 있을까요?”",https://www.kobis.or.kr/common/mast/movie/2021/07/1244e3eee57149aa8542763d572a1253.jpg,./static/image_resized/Movie1_resized.jpg
Movie2,블랙머니,"범죄, 드라마",정지영,"조진웅, 이하늬","고발은 의무! 수사는 직진!
할말은 하고 깔 건 깐다!

일명 서울지검 ‘막프로’! 검찰 내에서 거침없이 막 나가는 문제적 검사로
이름을 날리는 ‘양민혁’은 자신이 조사를 담당한 피의자가 자살하는 사건으로 인해
하루 아침에 벼랑 끝에 내몰린다. 억울한 누명을 벗기 위해 내막을 파헤치던 그는
피의자가 대한은행 헐값 매각사건의 중요 증인이었음을 알게 된다.

근거는 의문의 팩스 5장! 자산가치 70조 은행이 1조 7천억원에 넘어간
희대의 사건 앞에서 ‘양민혁’ 검사는 금융감독원, 대형 로펌, 해외펀드 회사가 뒤얽힌
거대한 금융 비리의 실체와 마주하게 되는데…

대한민국 최대의 금융스캔들, 사건은 아직 끝나지 않았다!",https://www.kobis.or.kr/common/mast/movie/2019/11/a0f2cf5089ce4cb78abaa0b6f3d2137e.jpg,./static/image_resized/Movie2_resized.jpg
Movie3,검객,액션,최재훈,"장혁, 김현수, 조 타슬림","광해군 폐위 후, 스스로 자취를 감춘 조선 최고의 검객 ‘태율’(장혁).
한편, 조선을 사이에 둔 청과 명의 대립으로 혼란은 극에 달하고,
청나라 황족 ‘구루타이’(조 타슬림)는 무리한 요구를 해대며 조선을 핍박한다.

백성들의 고통이 날로 더해가던 중, ‘구루타이’의 수하들에 의해 태율의 딸이 공녀로 잡혀가고 만다. 세상을 등진 채 조용히 살고자 했던 조선 최고의 검객 ‘태율’은 딸을 구하기 위한 자비 없는 검을 휘두르기 시작하는데...",https://www.kobis.or.kr/common/mast/movie/2020/09/bf139c1656064834aa2b3b66ba9b17c2.jpg,./static/image_resized/Movie3_resized.jpg
Movie4,인질,"액션, 스릴러",필감성,"황정민, 김재범, 이유미, 류경수, 정재원, 이규원, 이호정","배우 황정민 '인질'로 잡혔다!

평소와 똑같던 어느 새벽,
서울 한복판에서 증거도, 목격자도 없이 대한민국 톱배우 '황정민'이 납치된다.

한 치 앞을 알 수 없는 상황 속
살기 위한 극한의 탈주가 시작되는데…

올여름, 관객들을 사로잡을 리얼리티 액션스릴러가 온다!",https://www.kobis.or.kr/common/mast/movie/2021/09/1f540d6b6a144e2da59bf7e378bc5478.jpg,./static/image_resized/Movie4_resized.jpg
Movie5,미스터 보스,"드라마, 액션",김형기,"공찬, 홍은기, 이승현, 최동구, 양정두, 안종욱, 오민준","<바람> 제작진이 선사하는
生날 청춘 코믹 액션!

무대책 ★★★★★
당당함 ★★★★★
필터링 ☆

광상고로 전학 오게 된 ‘현준’은
똘끼로 무장한 ‘진원’, ‘병연’,
그리고 짱 ‘영수’를 만나 4총사를 결성한다.

그리고 두려울 것 없는 4총사의 행보가 이어지자
심기가 불편한 이들이 하나둘 모습을 드러내는데…

맞서라! 대책 없고 무식한 청춘들의
오합지졸 토너먼트가 시작된다!",https://www.kobis.or.kr/common/mast/movie/2020/12/c435c8e83e1b4299ab3ed32714e4860d.jpg,./static/image_resized/Movie5_resized.jpg
,,,,,,,./static/image_resized/_resized.jpg
,,,,,,,./static/image_resized/_resized.jpg
,,,,,,,./static/image_resized/_resized.jpg
,,,,,,,./static/image_resized/_resized.jpg
,,,,,,,./static/image_resized/_resized.jpg
,,,,,,,./static/image_resized/_resized.jpg
,,,,,,,./static/image_resized/_resized.jpg
,,,,,,,./static/image_resized/_resized.jpg
,,,,,,,./static/image_resized/_resized.jpg
,,,,,,,./static/image_resized/_resized.jpg
,,,,,,,./static/image_resized/_resized.jpg
,,,,,,,./static/image_resized/_resized.jpg
,,,,,,,./static/image_resized/_resized.jpg
,,,,,,,./static/image_resized/_resized.jpg
,,,,,,,./static/image_resized/_resized.jpg
,,,,,,,./static/image_resized/_resized.jpg
,,,,,,,./static/image_resized/_resized.jpg
,,,,,,,./static/image_resized/_resized.jpg
,,,,,,,./static/image_resized/_resized.jpg
,,,,,,,./static/image_resized/_resized.jpg
,,,,,,,./static/image_resized/_resized.jpg
,,,,,,,./static/image_resized/_resized.jpg
,,,,,,,./static/image_resized/_resized.jpg
,,,,,,,./static/image_resized/_resized.jpg
,,,,,,,./static/image_resized/_resized.jpg
,,,,,,,./static/image_resized/_resized.jpg
,,,,,,,./static/image_resized/_resized.jpg
,,,,,,,./static/image_resized/_resized.jpg
,,,,,,,./static/image_resized/_resized.jpg
,,,,,,,./static/image_resized/_resized.jpg
,,,,,,,./static/image_resized/_resized.jpg
,,,,,,,./static/image_resized/_resized.jpg
,,,,,,,./static/image_resized/_resized.jpg
,,,,,,,./static/image_resized/_resized.jpg
,,,,,,,./static/image_resized/_resized.jpg
,,,,,,,./static/image_resized/_resized.jpg
,,,,,,,./static/image_resized/_resized.jpg
,,,,,,,./static/image_resized/_resized.jpg
,,,,,,,./static/image_resized/_resized.jpg
,,,,,,,./static/image_resized/_resized.jpg
,,,,,,,./static/image_resized/_resized.jpg
,,,,,,,./static/image_resized/_resized.jpg
,,,,,,,./static/image_resized/_resized.jpg
,,,,,,,./static/image_resized/_resized.jpg
,,,,,,,./static/image_resized/_resized.jpg
,,,,,,,./static/image_resized/_resized.jpg
,,,,,,,./static/image_resized/_resized.jpg
,,,,,,,./static/image_resized/_resized.jpg
,,,,,,,./static/image_resized/_resized.jpg
,,,,,,,./static/image_resized/_resized.jpg
,,,,,,,./static/image_resized/_resized.jpg
,,,,,,,./static/image_resized/_resized.jpg
,,,,,,,./static/image_resized/_resized.jpg
,,,,,,,./static/image_resized/_resized.jpg
,,,,,,,./static/image_resized/_resized.jpg
,,,,,,,./static/image_resized/_resized.jpg
,,,,,,,./static/image_resized/_resized.jpg
,,,,,,,./static/image_resized/_resized.jpg
,,,,,,,./static/image_resized/_resized.jpg
,,,,,,,./static/image_resized/_resized.jpg
,,,,,,,./static/image_resized/_resized.jpg
,,,,,,,./static/image_resized/_resized.jpg
,,,,,,,./static/image_resized/_resized.jpg
,,,,,,,./static/image_resized/_resized.jpg
,,,,,,,./static/image_resized/_resized.jpg
,,,,,,,./static/image_resized/_resized.jpg
,,,,,,,./static/image_resized/_resized.jpg
,,,,,,,./static/image_resized/_resized.jpg
,,,,,,,./static/image_resized/_resized.jpg
,,,,,,,./static/image_resized/_resized.jpg
,,,,,,,./static/image_resized/_resized.jpg
,,,,,,,./static/image_resized/_resized.jpg
,,,,,,,./static/image_resized/_resized.jpg
,,,,,,,./static/image_resized/_resized.jpg
,,,,,,,./static/image_resized/_resized.jpg
,,,,,,,./static/image_resized/_resized.jpg
,,,,,,,./static/image_resized/_resized.jpg
,,,,,,,./static/image_resized/_resized.jpg
,,,,,,,./static/image_resized/_resized.jpg
,,,,,,,./static/image_resized/_resized.jpg
,,,,,,,./static/image_resized/_resized.jpg
,,,,,,,./static/image_resized/_resized.jpg
,,,,,,,./static/image_resized/_resized.jpg
,,,,,,,./static/image_resized/_resized.jpg
,,,,,,,./static/image_resized/_resized.jpg
,,,,,,,./static/image_resized/_resized.jpg
,,,,,,,./static/image_resized/_resized.jpg
,,,,,,,./static/image_resized/_resized.jpg
,,,,,,,./static/image_resized/_resized.jpg
,,,,,,,./static/image_resized/_resized.jpg
,,,,,,,./static/image_resized/_resized.jpg
,,,,,,,./static/image_resized/_resized.jpg
,,,,,,,./static/image_resized/_resized.jpg
,,,,,,,./static/image_resized/_resized.jpg
,,,,,,,./static/image_resized/_resized.jpg
,,,,,,,./static/image_resized/_resized.jpg
,,,,,,,./static/image_resized/_resized.jpg
,,,,,,,./static/image_resized/_resized.jpg
,,,,,,,./static/image_resized/_resized.jpg
,,,,,,,./static/image_resized/_resized.jpg
,,,,,,,./static/image_resized/_resized.jpg
,,,,,,,./static/image_resized/_resized.jpg
,,,,,,,./static/image_resized/_resized.jpg
,,,,,,,./static/image_resized/_resized.jpg
,,,,,,,./static/image_resized/_resized.jpg
,,,,,,,./static/image_resized/_resized.jpg
,,,,,,,./static/image_resized/_resized.jpg
,,,,,,,./static/image_resized/_resized.jpg
,,,,,,,./static/image_resized/_resized.jpg
,,,,,,,./static/image_resized/_resized.jpg
,,,,,,,./static/image_resized/_resized.jpg
,,,,,,,./static/image_resized/_resized.jpg
,,,,,,,./static/image_resized/_resized.jpg
,,,,,,,./static/image_resized/_resized.jpg
,,,,,,,./static/image_resized/_resized.jpg
,,,,,,,./static/image_resized/_resized.jpg
,,,,,,,./static/image_resized/_resized.jpg
,,,,,,,./static/image_resized/_resized.jpg
,,,,,,,./static/image_resized/_resized.jpg
,,,,,,,./static/image_resized/_resized.jpg
,,,,,,,./static/image_resized/_resized.jpg
,,,,,,,./static/image_resized/_resized.jpg
,,,,,,,./static/image_resized/_resized.jpg
,,,,,,,./static/image_resized/_resized.jpg
,,,,,,,./static/image_resized/_resized.jpg
,,,,,,,./static/image_resized/_resized.jpg
,,,,,,,./static/image_resized/_resized.jpg
,,,,,,,./static/image_resized/_resized.jpg
,,,,,,,./static/image_resized/_resized.jpg
,,,,,,,./static/image_resized/_resized.jpg
,,,,,,,./static/image_resized/_resized.jpg
,,,,,,,./static/image_resized/_resized.jpg
,,,,,,,./static/image_resized/_resized.jpg
,,,,,,,./static/image_resized/_resized.jpg
,,,,,,,./static/image_resized/_resized.jpg
,,,,,,,./static/image_resized/_resized.jpg
,,,,,,,./static/image_resized/_resized.jpg
,,,,,,,./static/image_resized/_resized.jpg
,,,,,,,./static/image_resized/_resized.jpg
,,,,,,,./static/image_resized/_resized.jpg
,,,,,,,./static/image_resized/_resized.jpg
,,,,,,,./static/image_resized/_resized.jpg
,,,,,,,./static/image_resized/_resized.jpg
,,,,,,,./static/image_resized/_resized.jpg
,,,,,,,./static/image_resized/_resized.jpg
,,,,,,,./static/image_resized/_resized.jpg
,,,,,,,./static/image_resized/_resized.jpg
,,,,,,,./static/image_resized/_resized.jpg
,,,,,,,./static/image_resized/_resized.jpg
,,,,,,,./static/image_resized/_resized.jpg
,,,,,,,./static/image_resized/_resized.jpg
,,,,,,,./static/image_resized/_resized.jpg
,,,,,,,./static/image_resized/_resized.jpg
,,,,,,,./static/image_resized/_resized.jpg
,,,,,,,./static/image_resized/_resized.jpg
,,,,,,,./static/image_resized/_resized.jpg
,,,,,,,./static/image_resized/_resized.jpg
,,,,,,,./static/image_resized/_resized.jpg
,,,,,,,./static/image_resized/_resized.jpg
,,,,,,,./static/image_resized/_resized.jpg
,,,,,,,./static/image_resized/_resized.jpg
,,,,,,,./static/image_resized/_resized.jpg
,,,,,,,./static/image_resized/_resized.jpg
,,,,,,,./static/image_resized/_resized.jpg
,,,,,,,./static/image_resized/_resized.jpg
,,,,,,,./static/image_resized/_resized.jpg
,,,,,,,./static/image_resized/_resized.jpg
,,,,,,,./static/image_resized/_resized.jpg
,,,,,,,./static/image_resized/_resized.jpg
,,,,,,,./static/image_resized/_resized.jpg
,,,,,,,./static/image_resized/_resized.jpg
,,,,,,,./static/image_resized/_resized.jpg
,,,,,,,./static/image_resized/_resized.jpg
,,,,,,,./static/image_resized/_resized.jpg
,,,,,,,./static/image_resized/_resized.jpg
,,,,,,,./static/image_resized/_resized.jpg
,,,,,,,./static/image_resized/_resized.jpg
,,,,,,,./static/image_resized/_resized.jpg
,,,,,,,./static/image_resized/_resized.jpg
,,,,,,,./static/image_resized/_resized.jpg
,,,,,,,./static/image_resized/_resized.jpg
,,,,,,,./static/image_resized/_resized.jpg
,,,,,,,./static/image_resized/_resized.jpg
,,,,,,,./static/image_resized/_resized.jpg
,,,,,,,./static/image_resized/_resized.jpg
,,,,,,,./static/image_resized/_resized.jpg
,,,,,,,./static/image_resized/_resized.jpg
,,,,,,,./static/image_resized/_resized.jpg
,,,,,,,./static/image_resized/_resized.jpg
,,,,,,,./static/image_resized/_resized.jpg
,,,,,,,./static/image_resized/_resized.jpg
,,,,,,,./static/image_resized/_resized.jpg
,,,,,,,./static/image_resized/_resized.jpg
,,,,,,,./static/image_resized/_resized.jpg
,,,,,,,./static/image_resized/_resized.jpg
,,,,,,,./static/image_resized/_resized.jpg
,,,,,,,./static/image_resized/_resized.jpg
,,,,,,,./static/image_resized/_resized.jpg
,,,,,,,./static/image_resized/_resized.jpg
,,,,,,,./static/image_resized/_resized.jpg
,,,,,,,./static/image_resized/_resized.jpg
,,,,,,,./static/image_resized/_resized.jpg
,,,,,,,./static/image_resized/_resized.jpg
,,,,,,,./static/image_resized/_resized.jpg
,,,,,,,./static/image_resized/_resized.jpg
,,,,,,,./static/image_resized/_resized.jpg
,,,,,,,./static/image_resized/_resized.jpg
,,,,,,,./static/image_resized/_resized.jpg
,,,,,,,./static/image_resized/_resized.jpg
,,,,,,,./static/image_resized/_resized.jpg
,,,,,,,./static/image_resized/_resized.jpg
,,,,,,,./static/image_resized/_resized.jpg
,,,,,,,./static/image_resized/_resized.jpg
,,,,,,,./static/image_resized/_resized.jpg
,,,,,,,./static/image_resized/_resized.jpg
,,,,,,,./static/image_resized/_resized.jpg
,,,,,,,./static/image_resized/_resized.jpg
,,,,,,,./static/image_resized/_resized.jpg
,,,,,,,./static/image_resized/_resized.jpg
,,,,,,,./static/image_resized/_resized.jpg
,,,,,,,./static/image_resized/_resized.jpg
,,,,,,,./static/image_resized/_resized.jpg
,,,,,,,./static/image_resized/_resized.jpg
,,,,,,,./static/image_resized/_resized.jpg
,,,,,,,./static/image_resized/_resized.jpg
,,,,,,,./static/image_resized/_resized.jpg
,,,,,,,./static/image_resized/_resized.jpg
,,,,,,,./static/image_resized/_resized.jpg
,,,,,,,./static/image_resized/_resized.jpg
,,,,,,,./static/image_resized/_resized.jpg
,,,,,,,./static/image_resized/_resized.jpg
,,,,,,,./static/image_resized/_resized.jpg
,,,,,,,./static/image_resized/_resized.jpg
,,,,,,,./static/image_resized/_resized.jpg
,,,,,,,./static/image_resized/_resized.jpg
,,,,,,,./static/image_resized/_resized.jpg
,,,,,,,./static/image_resized/_resized.jpg
,,,,,,,./static/image_resized/_resized.jpg
,,,,,,,./static/image_resized/_resized.jpg
,,,,,,,./static/image_resized/_resized.jpg
,,,,,,,./static/image_resized/_resized.jpg
,,,,,,,./static/image_resized/_resized.jpg
,,,,,,,./static/image_resized/_resized.jpg
,,,,,,,./static/image_resized/_resized.jpg
,,,,,,,./static/image_resized/_resized.jpg
,,,,,,,./static/image_resized/_resized.jpg
,,,,,,,./static/image_resized/_resized.jpg
,,,,,,,./static/image_resized/_resized.jpg
,,,,,,,./static/image_resized/_resized.jpg
,,,,,,,./static/image_resized/_resized.jpg
,,,,,,,./static/image_resized/_resized.jpg
,,,,,,,./static/image_resized/_resized.jpg
,,,,,,,./static/image_resized/_resized.jpg
,,,,,,,./static/image_resized/_resized.jpg
,,,,,,,./static/image_resized/_resized.jpg
,,,,,,,./static/image_resized/_resized.jpg
,,,,,,,./static/image_resized/_resized.jpg
,,,,,,,./static/image_resized/_resized.jpg
,,,,,,,./static/image_resized/_resized.jpg
,,,,,,,./static/image_resized/_resized.jpg
,,,,,,,./static/image_resized/_resized.jpg
,,,,,,,./static/image_resized/_resized.jpg
,,,,,,,./static/image_resized/_resized.jpg
,,,,,,,./static/image_resized/_resized.jpg
,,,,,,,./static/image_resized/_resized.jpg
,,,,,,,./static/image_resized/_resized.jpg
,,,,,,,./static/image_resized/_resized.jpg
,,,,,,,./static/image_resized/_resized.jpg
,,,,,,,./static/image_resized/_resized.jpg
,,,,,,,./static/image_resized/_resized.jpg
,,,,,,,./static/image_resized/_resized.jpg
,,,,,,,./static/image_resized/_resized.jpg
,,,,,,,./static/image_resized/_resized.jpg
,,,,,,,./static/image_resized/_resized.jpg
,,,,,,,./static/image_resized/_resized.jpg
,,,,,,,./static/image_resized/_resized.jpg
,,,,,,,./static/image_resized/_resized.jpg
,,,,,,,./static/image_resized/_resized.jpg
,,,,,,,./static/image_resized/_resized.jpg
,,,,,,,./static/image_resized/_resized.jpg
,,,,,,,./static/image_resized/_resized.jpg
,,,,,,,./static/image_resized/_resized.jpg
,,,,,,,./static/image_resized/_resized.jpg
,,,,,,,./static/image_resized/_resized.jpg
,,,,,,,./static/image_resized/_resized.jpg
,,,,,,,./static/image_resized/_resized.jpg
,,,,,,,./static/image_resized/_resized.jpg
,,,,,,,./static/image_resized/_resized.jpg
,,,,,,,./static/image_resized/_resized.jpg
,,,,,,,./static/image_resized/_resized.jpg
,,,,,,,./static/image_resized/_resized.jpg
,,,,,,,./static/image_resized/_resized.jpg
,,,,,,,./static/image_resized/_resized.jpg
,,,,,,,./static/image_resized/_resized.jpg
,,,,,,,./static/image_resized/_resized.jpg
,,,,,,,./static/image_resized/_resized.jpg
,,,,,,,./static/image_resized/_resized.jpg
,,,,,,,./static/image_resized/_resized.jpg
,,,,,,,./static/image_resized/_resized.jpg
,,,,,,,./static/image_resized/_resized.jpg
,,,,,,,./static/image_resized/_resized.jpg
,,,,,,,./static/image_resized/_resized.jpg
,,,,,,,./static/image_resized/_resized.jpg
,,,,,,,./static/image_resized/_resized.jpg
,,,,,,,./static/image_resized/_resized.jpg
,,,,,,,./static/image_resized/_resized.jpg
,,,,,,,./static/image_resized/_resized.jpg
,,,,,,,./static/image_resized/_resized.jpg
,,,,,,,./static/image_resized/_resized.jpg
,,,,,,,./static/image_resized/_resized.jpg
,,,,,,,./static/image_resized/_resized.jpg
,,,,,,,./static/image_resized/_resized.jpg
,,,,,,,./static/image_resized/_resized.jpg
,,,,,,,./static/image_resized/_resized.jpg
,,,,,,,./static/image_resized/_resized.jpg
,,,,,,,./static/image_resized/_resized.jpg
,,,,,,,./static/image_resized/_resized.jpg
,,,,,,,./static/image_resized/_resized.jpg
,,,,,,,./static/image_resized/_resized.jpg
,,,,,,,./static/image_resized/_resized.jpg
,,,,,,,./static/image_resized/_resized.jpg
,,,,,,,./static/image_resized/_resized.jpg
,,,,,,,./static/image_resized/_resized.jpg
,,,,,,,./static/image_resized/_resized.jpg
,,,,,,,./static/image_resized/_resized.jpg
,,,,,,,./static/image_resized/_resized.jpg
,,,,,,,./static/image_resized/_resized.jpg
,,,,,,,./static/image_resized/_resized.jpg
,,,,,,,./static/image_resized/_resized.jpg
,,,,,,,./static/image_resized/_resized.jpg
,,,,,,,./static/image_resized/_resized.jpg
,,,,,,,./static/image_resized/_resized.jpg
,,,,,,,./static/image_resized/_resized.jpg
,,,,,,,./static/image_resized/_resized.jpg
,,,,,,,./static/image_resized/_resized.jpg
,,,,,,,./static/image_resized/_resized.jpg
,,,,,,,./static/image_resized/_resized.jpg
,,,,,,,./static/image_resized/_resized.jpg
,,,,,,,./static/image_resized/_resized.jpg
,,,,,,,./static/image_resized/_resized.jpg
,,,,,,,./static/image_resized/_resized.jpg
,,,,,,,./static/image_resized/_resized.jpg
,,,,,,,./static/image_resized/_resized.jpg
,,,,,,,./static/image_resized/_resized.jpg
,,,,,,,./static/image_resized/_resized.jpg
,,,,,,,./static/image_resized/_resized.jpg
,,,,,,,./static/image_resized/_resized.jpg
,,,,,,,./static/image_resized/_resized.jpg
,,,,,,,./static/image_resized/_resized.jpg
,,,,,,,./static/image_resized/_resized.jpg
,,,,,,,./static/image_resized/_resized.jpg
,,,,,,,./static/image_resized/_resized.jpg
,,,,,,,./static/image_resized/_resized.jpg
,,,,,,,./static/image_resized/_resized.jpg
,,,,,,,./static/image_resized/_resized.jpg
,,,,,,,./static/image_resized/_resized.jpg
,,,,,,,./static/image_resized/_resized.jpg
,,,,,,,./static/image_resized/_resized.jpg
,,,,,,,./static/image_resized/_resized.jpg
,,,,,,,./static/image_resized/_resized.jpg
,,,,,,,./static/image_resized/_resized.jpg
,,,,,,,./static/image_resized/_resized.jpg
,,,,,,,./static/image_resized/_resized.jpg
,,,,,,,./static/image_resized/_resized.jpg
,,,,,,,./static/image_resized/_resized.jpg
,,,,,,,./static/image_resized/_resized.jpg
,,,,,,,./static/image_resized/_resized.jpg
,,,,,,,./static/image_resized/_resized.jpg
,,,,,,,./static/image_resized/_resized.jpg
,,,,,,,./static/image_resized/_resized.jpg
,,,,,,,./static/image_resized/_resized.jpg
,,,,,,,./static/image_resized/_resized.jpg
,,,,,,,./static/image_resized/_resized.jpg
,,,,,,,./static/image_resized/_resized.jpg
,,,,,,,./static/image_resized/_resized.jpg
,,,,,,,./static/image_resized/_resized.jpg
,,,,,,,./static/image_resized/_resized.jpg
,,,,,,,./static/image_resized/_resized.jpg
,,,,,,,./static/image_resized/_resized.jpg
,,,,,,,./static/image_resized/_resized.jpg
,,,,,,,./static/image_resized/_resized.jpg
,,,,,,,./static/image_resized/_resized.jpg
,,,,,,,./static/image_resized/_resized.jpg
,,,,,,,./static/image_resized/_resized.jpg
,,,,,,,./static/image_resized/_resized.jpg
,,,,,,,./static/image_resized/_resized.jpg
,,,,,,,./static/image_resized/_resized.jpg
,,,,,,,./static/image_resized/_resized.jpg
,,,,,,,./static/image_resized/_resized.jpg
,,,,,,,./static/image_resized/_resized.jpg
,,,,,,,./static/image_resized/_resized.jpg
,,,,,,,./static/image_resized/_resized.jpg
,,,,,,,./static/image_resized/_resized.jpg
,,,,,,,./static/image_resized/_resized.jpg
,,,,,,,./static/image_resized/_resized.jpg
,,,,,,,./static/image_resized/_resized.jpg
,,,,,,,./static/image_resized/_resized.jpg
,,,,,,,./static/image_resized/_resized.jpg
,,,,,,,./static/image_resized/_resized.jpg
,,,,,,,./static/image_resized/_resized.jpg
,,,,,,,./static/image_resized/_resized.jpg
,,,,,,,./static/image_resized/_resized.jpg
,,,,,,,./static/image_resized/_resized.jpg
,,,,,,,./static/image_resized/_resized.jpg
,,,,,,,./static/image_resized/_resized.jpg
,,,,,,,./static/image_resized/_resized.jpg
,,,,,,,./static/image_resized/_resized.jpg
,,,,,,,./static/image_resized/_resized.jpg
,,,,,,,./static/image_resized/_resized.jpg
,,,,,,,./static/image_resized/_resized.jpg
,,,,,,,./static/image_resized/_resized.jpg
,,,,,,,./static/image_resized/_resized.jpg
,,,,,,,./static/image_resized/_resized.jpg
,,,,,,,./static/image_resized/_resized.jpg
,,,,,,,./static/image_resized/_resized.jpg
,,,,,,,./static/image_resized/_resized.jpg
,,,,,,,./static/image_resized/_resized.jpg
,,,,,,,./static/image_resized/_resized.jpg
,,,,,,,./static/image_resized/_resized.jpg
,,,,,,,./static/image_resized/_resized.jpg
,,,,,,,./static/image_resized/_resized.jpg
,,,,,,,./static/image_resized/_resized.jpg
,,,,,,,./static/image_resized/_resized.jpg
,,,,,,,./static/image_resized/_resized.jpg
,,,,,,,./static/image_resized/_resized.jpg
,,,,,,,./static/image_resized/_resized.jpg
,,,,,,,./static/image_resized/_resized.jpg
,,,,,,,./static/image_resized/_resized.jpg
,,,,,,,./static/image_resized/_resized.jpg
,,,,,,,./static/image_resized/_resized.jpg
,,,,,,,./static/image_resized/_resized.jpg
,,,,,,,./static/image_resized/_resized.jpg
,,,,,,,./static/image_resized/_resized.jpg
,,,,,,,./static/image_resized/_resized.jpg
,,,,,,,./static/image_resized/_resized.jpg
,,,,,,,./static/image_resized/_resized.jpg
,,,,,,,./static/image_resized/_resized.jpg
,,,,,,,./static/image_resized/_resized.jpg
,,,,,,,./static/image_resized/_resized.jpg
,,,,,,,./static/image_resized/_resized.jpg
,,,,,,,./static/image_resized/_resized.jpg
,,,,,,,./static/image_resized/_resized.jpg
,,,,,,,./static/image_resized/_resized.jpg
,,,,,,,./static/image_resized/_resized.jpg
,,,,,,,./static/image_resized/_resized.jpg
,,,,,,,./static/image_resized/_resized.jpg
,,,,,,,./static/image_resized/_resized.jpg
,,,,,,,./static/image_resized/_resized.jpg
,,,,,,,./static/image_resized/_resized.jpg
,,,,,,,./static/image_resized/_resized.jpg
,,,,,,,./static/image_resized/_resized.jpg
,,,,,,,./static/image_resized/_resized.jpg
,,,,,,,./static/image_resized/_resized.jpg
,,,,,,,./static/image_resized/_resized.jpg
,,,,,,,./static/image_resized/_resized.jpg
,,,,,,,./static/image_resized/_resized.jpg
,,,,,,,./static/image_resized/_resized.jpg
,,,,,,,./static/image_resized/_resized.jpg
,,,,,,,./static/image_resized/_resized.jpg
,,,,,,,./static/image_resized/_resized.jpg
,,,,,,,./static/image_resized/_resized.jpg
,,,,,,,./static/image_resized/_resized.jpg
,,,,,,,./static/image_resized/_resized.jpg
,,,,,,,./static/image_resized/_resized.jpg
,,,,,,,./static/image_resized/_resized.jpg
,,,,,,,./static/image_resized/_resized.jpg
,,,,,,,./static/image_resized/_resized.jpg
,,,,,,,./static/image_resized/_resized.jpg
,,,,,,,./static/image_resized/_resized.jpg
,,,,,,,./static/image_resized/_resized.jpg
,,,,,,,./static/image_resized/_resized.jpg
,,,,,,,./static/image_resized/_resized.jpg
,,,,,,,./static/image_resized/_resized.jpg
,,,,,,,./static/image_resized/_resized.jpg
,,,,,,,./static/image_resized/_resized.jpg
,,,,,,,./static/image_resized/_resized.jpg
,,,,,,,./static/image_resized/_resized.jpg
,,,,,,,./static/image_resized/_resized.jpg
,,,,,,,./static/image_resized/_resized.jpg
,,,,,,,./static/image_resized/_resized.jpg
,,,,,,,./static/image_resized/_resized.jpg
,,,,,,,./static/image_resized/_resized.jpg
,,,,,,,./static/image_resized/_resized.jpg
,,,,,,,./static/image_resized/_resized.jpg
,,,,,,,./static/image_resized/_resized.jpg
,,,,,,,./static/image_resized/_resized.jpg
,,,,,,,./static/image_resized/_resized.jpg
,,,,,,,./static/image_resized/_resized.jpg
,,,,,,,./static/image_resized/_resized.jpg
,,,,,,,./static/image_resized/_resized.jpg
,,,,,,,./static/image_resized/_resized.jpg
,,,,,,,./static/image_resized/_resized.jpg
,,,,,,,./static/image_resized/_resized.jpg
,,,,,,,./static/image_resized/_resized.jpg
,,,,,,,./static/image_resized/_resized.jpg
,,,,,,,./static/image_resized/_resized.jpg
,,,,,,,./static/image_resized/_resized.jpg
,,,,,,,./static/image_resized/_resized.jpg
,,,,,,,./static/image_resized/_resized.jpg
,,,,,,,./static/image_resized/_resized.jpg
,,,,,,,./static/image_resized/_resized.jpg
,,,,,,,./static/image_resized/_resized.jpg
,,,,,,,./static/image_resized/_resized.jpg
,,,,,,,./static/image_resized/_resized.jpg
,,,,,,,./static/image_resized/_resized.jpg
,,,,,,,./static/image_resized/_resized.jpg
,,,,,,,./static/image_resized/_resized.jpg
,,,,,,,./static/image_resized/_resized.jpg
,,,,,,,./static/image_resized/_resized.jpg
,,,,,,,./static/image_resized/_resized.jpg
,,,,,,,./static/image_resized/_resized.jpg
,,,,,,,./static/image_resized/_resized.jpg
,,,,,,,./static/image_resized/_resized.jpg
,,,,,,,./static/image_resized/_resized.jpg
,,,,,,,./static/image_resized/_resized.jpg
,,,,,,,./static/image_resized/_resized.jpg
,,,,,,,./static/image_resized/_resized.jpg
,,,,,,,./static/image_resized/_resized.jpg
,,,,,,,./static/image_resized/_resized.jpg
,,,,,,,./static/image_resized/_resized.jpg
,,,,,,,./static/image_resized/_resized.jpg
,,,,,,,./static/image_resized/_resized.jpg
,,,,,,,./static/image_resized/_resized.jpg
,,,,,,,./static/image_resized/_resized.jpg
,,,,,,,./static/image_resized/_resized.jpg
,,,,,,,./static/image_resized/_resized.jpg
,,,,,,,./static/image_resized/_resized.jpg
,,,,,,,./static/image_resized/_resized.jpg
,,,,,,,./static/image_resized/_resized.jpg
,,,,,,,./static/image_resized/_resized.jpg
,,,,,,,./static/image_resized/_resized.jpg
,,,,,,,./static/image_resized/_resized.jpg
,,,,,,,./static/image_resized/_resized.jpg
,,,,,,,./static/image_resized/_resized.jpg
,,,,,,,./static/image_resized/_resized.jpg
,,,,,,,./static/image_resized/_resized.jpg
,,,,,,,./static/image_resized/_resized.jpg
,,,,,,,./static/image_resized/_resized.jpg
,,,,,,,./static/image_resized/_resized.jpg
,,,,,,,./static/image_resized/_resized.jpg
,,,,,,,./static/image_resized/_resized.jpg
,,,,,,,./static/image_resized/_resized.jpg
,,,,,,,./static/image_resized/_resized.jpg
,,,,,,,./static/image_resized/_resized.jpg
,,,,,,,./static/image_resized/_resized.jpg
,,,,,,,./static/image_resized/_resized.jpg
,,,,,,,./static/image_resized/_resized.jpg
,,,,,,,./static/image_resized/_resized.jpg
,,,,,,,./static/image_resized/_resized.jpg
,,,,,,,./static/image_resized/_resized.jpg
,,,,,,,./static/image_resized/_resized.jpg
,,,,,,,./static/image_resized/_resized.jpg
,,,,,,,./static/image_resized/_resized.jpg
,,,,,,,./static/image_resized/_resized.jpg
,,,,,,,./static/image_resized/_resized.jpg
,,,,,,,./static/image_resized/_resized.jpg
,,,,,,,./static/image_resized/_resized.jpg
,,,,,,,./static/image_resized/_resized.jpg
,,,,,,,./static/image_resized/_resized.jpg
,,,,,,,./static/image_resized/_resized.jpg
,,,,,,,./static/image_resized/_resized.jpg
,,,,,,,./static/image_resized/_resized.jpg
,,,,,,,./static/image_resized/_resized.jpg
,,,,,,,./static/image_resized/_resized.jpg
,,,,,,,./static/image_resized/_resized.jpg
,,,,,,,./static/image_resized/_resized.jpg
,,,,,,,./static/image_resized/_resized.jpg
,,,,,,,./static/image_resized/_resized.jpg
,,,,,,,./static/image_resized/_resized.jpg
,,,,,,,./static/image_resized/_resized.jpg
,,,,,,,./static/image_resized/_resized.jpg
,,,,,,,./static/image_resized/_resized.jpg
,,,,,,,./static/image_resized/_resized.jpg
,,,,,,,./static/image_resized/_resized.jpg
,,,,,,,./static/image_resized/_resized.jpg
,,,,,,,./static/image_resized/_resized.jpg
,,,,,,,./static/image_resized/_resized.jpg
,,,,,,,./static/image_resized/_resized.jpg
,,,,,,,./static/image_resized/_resized.jpg
,,,,,,,./static/image_resized/_resized.jpg
,,,,,,,./static/image_resized/_resized.jpg
,,,,,,,./static/image_resized/_resized.jpg
,,,,,,,./static/image_resized/_resized.jpg
,,,,,,,./static/image_resized/_resized.jpg
,,,,,,,./static/image_resized/_resized.jpg
,,,,,,,./static/image_resized/_resized.jpg
,,,,,,,./static/image_resized/_resized.jpg
,,,,,,,./static/image_resized/_resized.jpg
,,,,,,,./static/image_resized/_resized.jpg
,,,,,,,./static/image_resized/_resized.jpg
,,,,,,,./static/image_resized/_resized.jpg
,,,,,,,./static/image_resized/_resized.jpg
,,,,,,,./static/image_resized/_resized.jpg
,,,,,,,./static/image_resized/_resized.jpg
,,,,,,,./static/image_resized/_resized.jpg
,,,,,,,./static/image_resized/_resized.jpg
,,,,,,,./static/image_resized/_resized.jpg
,,,,,,,./static/image_resized/_resized.jpg
,,,,,,,./static/image_resized/_resized.jpg
,,,,,,,./static/image_resized/_resized.jpg
,,,,,,,./static/image_resized/_resized.jpg
,,,,,,,./static/image_resized/_resized.jpg
,,,,,,,./static/image_resized/_resized.jpg
,,,,,,,./static/image_resized/_resized.jpg
,,,,,,,./static/image_resized/_resized.jpg
,,,,,,,./static/image_resized/_resized.jpg
,,,,,,,./static/image_resized/_resized.jpg
,,,,,,,./static/image_resized/_resized.jpg
,,,,,,,./static/image_resized/_resized.jpg
,,,,,,,./static/image_resized/_resized.jpg
,,,,,,,./static/image_resized/_resized.jpg
,,,,,,,./static/image_resized/_resized.jpg
,,,,,,,./static/image_resized/_resized.jpg
,,,,,,,./static/image_resized/_resized.jpg
,,,,,,,./static/image_resized/_resized.jpg
,,,,,,,./static/image_resized/_resized.jpg
,,,,,,,./static/image_resized/_resized.jpg
,,,,,,,./static/image_resized/_resized.jpg
,,,,,,,./static/image_resized/_resized.jpg
,,,,,,,./static/image_resized/_resized.jpg
,,,,,,,./static/image_resized/_resized.jpg
,,,,,,,./static/image_resized/_resized.jpg
,,,,,,,./static/image_resized/_resized.jpg
,,,,,,,./static/image_resized/_resized.jpg
,,,,,,,./static/image_resized/_resized.jpg
,,,,,,,./static/image_resized/_resized.jpg
,,,,,,,./static/image_resized/_resized.jpg
,,,,,,,./static/image_resized/_resized.jpg
,,,,,,,./static/image_resized/_resized.jpg
,,,,,,,./static/image_resized/_resized.jpg
,,,,,,,./static/image_resized/_resized.jpg
,,,,,,,./static/image_resized/_resized.jpg
,,,,,,,./static/image_resized/_resized.jpg
,,,,,,,./static/image_resized/_resized.jpg
,,,,,,,./static/image_resized/_resized.jpg
,,,,,,,./static/image_resized/_resized.jpg
,,,,,,,./static/image_resized/_resized.jpg
,,,,,,,./static/image_resized/_resized.jpg
,,,,,,,./static/image_resized/_resized.jpg
,,,,,,,./static/image_resized/_resized.jpg
,,,,,,,./static/image_resized/_resized.jpg
,,,,,,,./static/image_resized/_resized.jpg
,,,,,,,./static/image_resized/_resized.jpg
,,,,,,,./static/image_resized/_resized.jpg
,,,,,,,./static/image_resized/_resized.jpg
,,,,,,,./static/image_resized/_resized.jpg
,,,,,,,./static/image_resized/_resized.jpg
,,,,,,,./static/image_resized/_resized.jpg
,,,,,,,./static/image_resized/_resized.jpg
,,,,,,,./static/image_resized/_resized.jpg
,,,,,,,./static/image_resized/_resized.jpg
,,,,,,,./static/image_resized/_resized.jpg
,,,,,,,./static/image_resized/_resized.jpg
,,,,,,,./static/image_resized/_resized.jpg
,,,,,,,./static/image_resized/_resized.jpg
,,,,,,,./static/image_resized/_resized.jpg
,,,,,,,./static/image_resized/_resized.jpg
,,,,,,,./static/image_resized/_resized.jpg
,,,,,,,./static/image_resized/_resized.jpg
,,,,,,,./static/image_resized/_resized.jpg
,,,,,,,./static/image_resized/_resized.jpg
,,,,,,,./static/image_resized/_resized.jpg
,,,,,,,./static/image_resized/_resized.jpg
,,,,,,,./static/image_resized/_resized.jpg
,,,,,,,./static/image_resized/_resized.jpg
,,,,,,,./static/image_resized/_resized.jpg
,,,,,,,./static/image_resized/_resized.jpg
,,,,,,,./static/image_resized/_resized.jpg
,,,,,,,./static/image_resized/_resized.jpg
,,,,,,,./static/image_resized/_resized.jpg
,,,,,,,./static/image_resized/_resized.jpg
,,,,,,,./static/image_resized/_resized.jpg
,,,,,,,./static/image_resized/_resized.jpg
,,,,,,,./static/image_resized/_resized.jpg
,,,,,,,./static/image_resized/_resized.jpg
,,,,,,,./static/image_resized/_resized.jpg
,,,,,,,./static/image_resized/_resized.jpg
,,,,,,,./static/image_resized/_resized.jpg
,,,,,,,./static/image_resized/_resized.jpg
,,,,,,,./static/image_resized/_resized.jpg
,,,,,,,./static/image_resized/_resized.jpg
,,,,,,,./static/image_resized/_resized.jpg
,,,,,,,./static/image_resized/_resized.jpg
,,,,,,,./static/image_resized/_resized.jpg
,,,,,,,./static/image_resized/_resized.jpg
,,,,,,,./static/image_resized/_resized.jpg
,,,,,,,./static/image_resized/_resized.jpg
,,,,,,,./static/image_resized/_resized.jpg
,,,,,,,./static/image_resized/_resized.jpg
,,,,,,,./static/image_resized/_resized.jpg
,,,,,,,./static/image_resized/_resized.jpg
,,,,,,,./static/image_resized/_resized.jpg
,,,,,,,./static/image_resized/_resized.jpg
,,,,,,,./static/image_resized/_resized.jpg
,,,,,,,./static/image_resized/_resized.jpg
,,,,,,,./static/image_resized/_resized.jpg
,,,,,,,./static/image_resized/_resized.jpg
,,,,,,,./static/image_resized/_resized.jpg
,,,,,,,./static/image_resized/_resized.jpg
,,,,,,,./static/image_resized/_resized.jpg
,,,,,,,./static/image_resized/_resized.jpg
,,,,,,,./static/image_resized/_resized.jpg
,,,,,,,./static/image_resized/_resized.jpg
,,,,,,,./static/image_resized/_resized.jpg
,,,,,,,./static/image_resized/_resized.jpg
,,,,,,,./static/image_resized/_resized.jpg
,,,,,,,./static/image_resized/_resized.jpg
,,,,,,,./static/image_resized/_resized.jpg
,,,,,,,./static/image_resized/_resized.jpg
,,,,,,,./static/image_resized/_resized.jpg
,,,,,,,./static/image_resized/_resized.jpg
,,,,,,,./static/image_resized/_resized.jpg
,,,,,,,./static/image_resized/_resized.jpg
,,,,,,,./static/image_resized/_resized.jpg
,,,,,,,./static/image_resized/_resized.jpg
,,,,,,,./static/image_resized/_resized.jpg
,,,,,,,./static/image_resized/_resized.jpg
,,,,,,,./static/image_resized/_resized.jpg
,,,,,,,./static/image_resized/_resized.jpg
,,,,,,,./static/image_resized/_resized.jpg
,,,,,,,./static/image_resized/_resized.jpg
,,,,,,,./static/image_resized/_resized.jpg
,,,,,,,./static/image_resized/_resized.jpg
,,,,,,,./static/image_resized/_resized.jpg
,,,,,,,./static/image_resized/_resized.jpg
,,,,,,,./static/image_resized/_resized.jpg
,,,,,,,./static/image_resized/_resized.jpg
,,,,,,,./static/image_resized/_resized.jpg
,,,,,,,./static/image_resized/_resized.jpg
,,,,,,,./static/image_resized/_resized.jpg
,,,,,,,./static/image_resized/_resized.jpg
,,,,,,,./static/image_resized/_resized.jpg
,,,,,,,./static/image_resized/_resized.jpg
,,,,,,,./static/image_resized/_resized.jpg
,,,,,,,./static/image_resized/_resized.jpg
,,,,,,,./static/image_resized/_resized.jpg
,,,,,,,./static/image_resized/_resized.jpg
,,,,,,,./static/image_resized/_resized.jpg
,,,,,,,./static/image_resized/_resized.jpg
,,,,,,,./static/image_resized/_resized.jpg
,,,,,,,./static/image_resized/_resized.jpg
,,,,,,,./static/image_resized/_resized.jpg
,,,,,,,./static/image_resized/_resized.jpg
,,,,,,,./static/image_resized/_resized.jpg
,,,,,,,./static/image_resized/_resized.jpg
,,,,,,,./static/image_resized/_resized.jpg
,,,,,,,./static/image_resized/_resized.jpg
,,,,,,,./static/image_resized/_resized.jpg
,,,,,,,./static/image_resized/_resized.jpg
,,,,,,,./static/image_resized/_resized.jpg
,,,,,,,./static/image_resized/_resized.jpg
,,,,,,,./static/image_resized/_resized.jpg
,,,,,,,./static/image_resized/_resized.jpg
,,,,,,,./static/image_resized/_resized.jpg
,,,,,,,./static/image_resized/_resized.jpg
,,,,,,,./static/image_resized/_resized.jpg
,,,,,,,./static/image_resized/_resized.jpg
,,,,,,,./static/image_resized/_resized.jpg
,,,,,,,./static/image_resized/_resized.jpg
,,,,,,,./static/image_resized/_resized.jpg
,,,,,,,./static/image_resized/_resized.jpg
,,,,,,,./static/image_resized/_resized.jpg
,,,,,,,./static/image_resized/_resized.jpg
,,,,,,,./static/image_resized/_resized.jpg
,,,,,,,./static/image_resized/_resized.jpg
,,,,,,,./static/image_resized/_resized.jpg
,,,,,,,./static/image_resized/_resized.jpg
,,,,,,,./static/image_resized/_resized.jpg
,,,,,,,./static/image_resized/_resized.jpg
,,,,,,,./static/image_resized/_resized.jpg
,,,,,,,./static/image_resized/_resized.jpg
,,,,,,,./static/image_resized/_resized.jpg
,,,,,,,./static/image_resized/_resized.jpg
,,,,,,,./static/image_resized/_resized.jpg
,,,,,,,./static/image_resized/_resized.jpg
,,,,,,,./static/image_resized/_resized.jpg
,,,,,,,./static/image_resized/_resized.jpg
,,,,,,,./static/image_resized/_resized.jpg
,,,,,,,./static/image_resized/_resized.jpg
,,,,,,,./static/image_resized/_resized.jpg
,,,,,,,./static/image_resized/_resized.jpg
,,,,,,,./static/image_resized/_resized.jpg
,,,,,,,./static/image_resized/_resized.jpg
,,,,,,,./static/image_resized/_resized.jpg
,,,,,,,./static/image_resized/_resized.jpg
,,,,,,,./static/image_resized/_resized.jpg
,,,,,,,./static/image_resized/_resized.jpg
,,,,,,,./static/image_resized/_resized.jpg
,,,,,,,./static/image_resized/_resized.jpg
,,,,,,,./static/image_resized/_resized.jpg
,,,,,,,./static/image_resized/_resized.jpg
,,,,,,,./static/image_resized/_resized.jpg
,,,,,,,./static/image_resized/_resized.jpg
,,,,,,,./static/image_resized/_resized.jpg
,,,,,,,./static/image_resized/_resized.jpg
,,,,,,,./static/image_resized/_resized.jpg
,,,,,,,./static/image_resized/_resized.jpg
,,,,,,,./static/image_resized/_resized.jpg
,,,,,,,./static/image_resized/_resized.jpg
,,,,,,,./static/image_resized/_resized.jpg
,,,,,,,./static/image_resized/_resized.jpg
,,,,,,,./static/image_resized/_resized.jpg
,,,,,,,./static/image_resized/_resized.jpg
,,,,,,,./static/image_resized/_resized.jpg
,,,,,,,./static/image_resized/_resized.jpg
,,,,,,,./static/image_resized/_resized.jpg
,,,,,,,./static/image_resized/_resized.jpg
,,,,,,,./static/image_resized/_resized.jpg
,,,,,,,./static/image_resized/_resized.jpg
,,,,,,,./static/image_resized/_resized.jpg
,,,,,,,./static/image_resized/_resized.jpg
,,,,,,,./static/image_resized/_resized.jpg
,,,,,,,./static/image_resized/_resized.jpg
,,,,,,,./static/image_resized/_resized.jpg
,,,,,,,./static/image_resized/_resized.jpg
,,,,,,,./static/image_resized/_resized.jpg
,,,,,,,./static/image_resized/_resized.jpg
,,,,,,,./static/image_resized/_resized.jpg
,,,,,,,./static/image_resized/_resized.jpg
,,,,,,,./static/image_resized/_resized.jpg
,,,,,,,./static/image_resized/_resized.jpg
,,,,,,,./static/image_resized/_resized.jpg
,,,,,,,./static/image_resized/_resized.jpg
,,,,,,,./static/image_resized/_resized.jpg
,,,,,,,./static/image_resized/_resized.jpg
,,,,,,,./static/image_resized/_resized.jpg
,,,,,,,./static/image_resized/_resized.jpg
,,,,,,,./static/image_resized/_resized.jpg
,,,,,,,./static/image_resized/_resized.jpg
,,,,,,,./static/image_resized/_resized.jpg
,,,,,,,./static/image_resized/_resized.jpg
,,,,,,,./static/image_resized/_resized.jpg
,,,,,,,./static/image_resized/_resized.jpg
,,,,,,,./static/image_resized/_resized.jpg
,,,,,,,./static/image_resized/_resized.jpg
,,,,,,,./static/image_resized/_resized.jpg
,,,,,,,./static/image_resized/_resized.jpg
,,,,,,,./static/image_resized/_resized.jpg
,,,,,,,./static/image_resized/_resized.jpg
,,,,,,,./static/image_resized/_resized.jpg
,,,,,,,./static/image_resized/_resized.jpg
,,,,,,,./static/image_resized/_resized.jpg
,,,,,,,./static/image_resized/_resized.jpg
,,,,,,,./static/image_resized/_resized.jpg
,,,,,,,./static/image_resized/_resized.jpg
,,,,,,,./static/image_resized/_resized.jpg
,,,,,,,./static/image_resized/_resized.jpg
,,,,,,,./static/image_resized/_resized.jpg
,,,,,,,./static/image_resized/_resized.jpg
,,,,,,,./static/image_resized/_resized.jpg
,,,,,,,./static/image_resized/_resized.jpg
,,,,,,,./static/image_resized/_resized.jpg
,,,,,,,./static/image_resized/_resized.jpg
,,,,,,,./static/image_resized/_resized.jpg
,,,,,,,./static/image_resized/_resized.jpg
,,,,,,,./static/image_resized/_resized.jpg
,,,,,,,./static/image_resized/_resized.jpg
,,,,,,,./static/image_resized/_resized.jpg
,,,,,,,./static/image_resized/_resized.jpg
,,,,,,,./static/image_resized/_resized.jpg
,,,,,,,./static/image_resized/_resized.jpg
,,,,,,,./static/image_resized/_resized.jpg
,,,,,,,./static/image_resized/_resized.jpg
,,,,,,,./static/image_resized/_resized.jpg
,,,,,,,./static/image_resized/_resized.jpg
,,,,,,,./static/image_resized/_resized.jpg
,,,,,,,./static/image_resized/_resized.jpg
,,,,,,,./static/image_resized/_resized.jpg
,,,,,,,./static/image_resized/_resized.jpg
,,,,,,,./static/image_resized/_resized.jpg
,,,,,,,./static/image_resized/_resized.jpg
,,,,,,,./static/image_resized/_resized.jpg
,,,,,,,./static/image_resized/_resized.jpg
,,,,,,,./static/image_resized/_resized.jpg
,,,,,,,./static/image_resized/_resized.jpg
,,,,,,,./static/image_resized/_resized.jpg
,,,,,,,./static/image_resized/_resized.jpg
,,,,,,,./static/image_resized/_resized.jpg
,,,,,,,./static/image_resized/_resized.jpg
,,,,,,,./static/image_resized/_resized.jpg
,,,,,,,./static/image_resized/_resized.jpg
,,,,,,,./static/image_resized/_resized.jpg
,,,,,,,./static/image_resized/_resized.jpg
,,,,,,,./static/image_resized/_resized.jpg
,,,,,,,./static/image_resized/_resized.jpg
,,,,,,,./static/image_resized/_resized.jpg
,,,,,,,./static/image_resized/_resized.jpg
,,,,,,,./static/image_resized/_resized.jpg
,,,,,,,./static/image_resized/_resized.jpg
,,,,,,,./static/image_resized/_resized.jpg
,,,,,,,./static/image_resized/_resized.jpg
,,,,,,,./static/image_resized/_resized.jpg
,,,,,,,./static/image_resized/_resized.jpg
,,,,,,,./static/image_resized/_resized.jpg
,,,,,,,./static/image_resized/_resized.jpg
,,,,,,,./static/image_resized/_resized.jpg
,,,,,,,./static/image_resized/_resized.jpg
,,,,,,,./static/image_resized/_resized.jpg
,,,,,,,./static/image_resized/_resized.jpg
,,,,,,,./static/image_resized/_resized.jpg
,,,,,,,./static/image_resized/_resized.jpg
,,,,,,,./static/image_resized/_resized.jpg
,,,,,,,./static/image_resized/_resized.jpg
,,,,,,,./static/image_resized/_resized.jpg
,,,,,,,./static/image_resized/_resized.jpg
,,,,,,,./static/image_resized/_resized.jpg
,,,,,,,./static/image_resized/_resized.jpg
,,,,,,,./static/image_resized/_resized.jpg
,,,,,,,./static/image_resized/_resized.jpg
,,,,,,,./static/image_resized/_resized.jpg
,,,,,,,./static/image_resized/_resized.jpg
,,,,,,,./static/image_resized/_resized.jpg
,,,,,,,./static/image_resized/_resized.jpg
,,,,,,,./static/image_resized/_resized.jpg
,,,,,,,./static/image_resized/_resized.jpg
,,,,,,,./static/image_resized/_resized.jpg
,,,,,,,./static/image_resized/_resized.jpg
,,,,,,,./static/image_resized/_resized.jpg
,,,,,,,./static/image_resized/_resized.jpg
,,,,,,,./static/image_resized/_resized.jpg
,,,,,,,./static/image_resized/_resized.jpg
,,,,,,,./static/image_resized/_resized.jpg
,,,,,,,./static/image_resized/_resized.jpg
,,,,,,,./static/image_resized/_resized.jpg
,,,,,,,./static/image_resized/_resized.jpg
,,,,,,,./static/image_resized/_resized.jpg
,,,,,,,./static/image_resized/_resized.jpg
,,,,,,,./static/image_resized/_resized.jpg
,,,,,,,./static/image_resized/_resized.jpg
,,,,,,,./static/image_resized/_resized.jpg
,,,,,,,./static/image_resized/_resized.jpg
,,,,,,,./static/image_resized/_resized.jpg
,,,,,,,./static/image_resized/_resized.jpg
,,,,,,,./static/image_resized/_resized.jpg
,,,,,,,./static/image_resized/_resized.jpg
,,,,,,,./static/image_resized/_resized.jpg
,,,,,,,./static/image_resized/_resized.jpg
,,,,,,,./static/image_resized/_resized.jpg
,,,,,,,./static/image_resized/_resized.jpg
,,,,,,,./static/image_resized/_resized.jpg
,,,,,,,./static/image_resized/_resized.jpg
,,,,,,,./static/image_resized/_resized.jpg
,,,,,,,./static/image_resized/_resized.jpg
,,,,,,,./static/image_resized/_resized.jpg
,,,,,,,./static/image_resized/_resized.jpg
,,,,,,,./static/image_resized/_resized.jpg
,,,,,,,./static/image_resized/_resized.jpg
,,,,,,,./static/image_resized/_resized.jpg
,,,,,,,./static/image_resized/_resized.jpg
,,,,,,,./static/image_resized/_resized.jpg
,,,,,,,./static/image_resized/_resized.jpg
,,,,,,,./static/image_resized/_resized.jpg
,,,,,,,./static/image_resized/_resized.jpg
,,,,,,,./static/image_resized/_resized.jpg
,,,,,,,./static/image_resized/_resized.jpg
,,,,,,,./static/image_resized/_resized.jpg
,,,,,,,./static/image_resized/_resized.jpg
,,,,,,,./static/image_resized/_resized.jpg
,,,,,,,./static/image_resized/_resized.jpg
,,,,,,,./static/image_resized/_resized.jpg
,,,,,,,./static/image_resized/_resized.jpg
,,,,,,,./static/image_resized/_resized.jpg
,,,,,,,./static/image_resized/_resized.jpg
,,,,,,,./static/image_resized/_resized.jpg
,,,,,,,./static/image_resized/_resized.jpg
,,,,,,,./static/image_resized/_resized.jpg
,,,,,,,./static/image_resized/_resized.jpg
,,,,,,,./static/image_resized/_resized.jpg
,,,,,,,./static/image_resized/_resized.jpg
,,,,,,,./static/image_resized/_resized.jpg
,,,,,,,./static/image_resized/_resized.jpg
,,,,,,,./static/image_resized/_resized.jpg
,,,,,,,./static/image_resized/_resized.jpg
,,,,,,,./static/image_resized/_resized.jpg
,,,,,,,./static/image_resized/_resized.jpg
,,,,,,,./static/image_resized/_resized.jpg
,,,,,,,./static/image_resized/_resized.jpg
,,,,,,,./static/image_resized/_resized.jpg
,,,,,,,./static/image_resized/_resized.jpg
,,,,,,,./static/image_resized/_resized.jpg
,,,,,,,./static/image_resized/_resized.jpg
,,,,,,,./static/image_resized/_resized.jpg
,,,,,,,./static/image_resized/_resized.jpg
,,,,,,,./static/image_resized/_resized.jpg
,,,,,,,./static/image_resized/_resized.jpg
,,,,,,,./static/image_resized/_resized.jpg
,,,,,,,./static/image_resized/_resized.jpg
,,,,,,,./static/image_resized/_resized.jpg
,,,,,,,./static/image_resized/_resized.jpg
,,,,,,,./static/image_resized/_resized.jpg
,,,,,,,./static/image_resized/_resized.jpg
,,,,,,,./static/image_resized/_resized.jpg
,,,,,,,./static/image_resized/_resized.jpg
,,,,,,,./static/image_resized/_resized.jpg
,,,,,,,./static/image_resized/_resized.jpg
,,,,,,,./static/image_resized/_resized.jpg
,,,,,,,./static/image_resized/_resized.jpg
,,,,,,,./static/image_resized/_resized.jpg
,,,,,,,./static/image_resized/_resized.jpg
,,,,,,,./static/image_resized/_resized.jpg
,,,,,,,./static/image_resized/_resized.jpg
,,,,,,,./static/image_resized/_resized.jpg
,,,,,,,./static/image_resized/_resized.jpg
,,,,,,,./static/image_resized/_resized.jpg
,,,,,,,./static/image_resized/_resized.jpg
,,,,,,,./static/image_resized/_resized.jpg
,,,,,,,./static/image_resized/_resized.jpg
,,,,,,,./static/image_resized/_resized.jpg
,,,,,,,./static/image_resized/_resized.jpg
,,,,,,,./static/image_resized/_resized.jpg
,,,,,,,./static/image_resized/_resized.jpg
,,,,,,,./static/image_resized/_resized.jpg
,,,,,,,./static/image_resized/_resized.jpg
,,,,,,,./static/image_resized/_resized.jpg
,,,,,,,./static/image_resized/_resized.jpg
,,,,,,,./static/image_resized/_resized.jpg
,,,,,,,./static/image_resized/_resized.jpg
,,,,,,,./static/image_resized/_resized.jpg
,,,,,,,./static/image_resized/_resized.jpg
,,,,,,,./static/image_resized/_resized.jpg
,,,,,,,./static/image_resized/_resized.jpg
,,,,,,,./static/image_resized/_resized.jpg
,,,,,,,./static/image_resized/_resized.jpg
,,,,,,,./static/image_resized/_resized.jpg
,,,,,,,./static/image_resized/_resized.jpg
,,,,,,,./static/image_resized/_resized.jpg
,,,,,,,./static/image_resized/_resized.jpg
,,,,,,,./static/image_resized/_resized.jpg
,,,,,,,./static/image_resized/_resized.jpg
,,,,,,,./static/image_resized/_resized.jpg
,,,,,,,./static/image_resized/_resized.jpg
,,,,,,,./static/image_resized/_resized.jpg
,,,,,,,./static/image_resized/_resized.jpg
,,,,,,,./static/image_resized/_resized.jpg
,,,,,,,./static/image_resized/_resized.jpg
,,,,,,,./static/image_resized/_resized.jpg
,,,,,,,./static/image_resized/_resized.jpg
,,,,,,,./static/image_resized/_resized.jpg
,,,,,,,./static/image_resized/_resized.jpg
,,,,,,,./static/image_resized/_resized.jpg
,,,,,,,./static/image_resized/_resized.jpg
,,,,,,,./static/image_resized/_resized.jpg
,,,,,,,./static/image_resized/_resized.jpg
,,,,,,,./static/image_resized/_resized.jpg
,,,,,,,./static/image_resized/_resized.jpg
,,,,,,,./static/image_resized/_resized.jpg
,,,,,,,./static/image_resized/_resized.jpg
,,,,,,,./static/image_resized/_resized.jpg
,,,,,,,./static/image_resized/_resized.jpg
,,,,,,,./static/image_resized/_resized.jpg
,,,,,,,./static/image_resized/_resized.jpg
,,,,,,,./static/image_resized/_resized.jpg
,,,,,,,./static/image_resized/_resized.jpg
,,,,,,,./static/image_resized/_resized.jpg
,,,,,,,./static/image_resized/_resized.jpg
,,,,,,,./static/image_resized/_resized.jpg
,,,,,,,./static/image_resized/_resized.jpg
,,,,,,,./static/image_resized/_resized.jpg
,,,,,,,./static/image_resized/_resized.jpg
,,,,,,,./static/image_resized/_resized.jpg
