Title,Genre,Synopsis
더 문,"SF, 액션, 드라마","2029년, 대한민국의 달 탐사선 우리호가 달을 향한 여정에 나선다.
위대한 도전에 전 세계가 주목하지만 태양 흑점 폭발로 인한 태양풍이
우리호를 덮치고 ‘황선우’(도경수) 대원만이 홀로 남겨진다.

대한민국의 우주선이 달로 향한 것이 이번이 처음은 아니었다.
5년 전, 원대한 꿈을 안고 날아올랐지만
모두가 지켜보고 있는 가운데 공중 폭발로 산산이 부서졌던 나래호.
또다시 일어난 비극에 유일한 생존자인 선우를 지키기 위해
나로 우주센터 관계자들과 정부는 총력을 다하고 온 국민이 그의 생존을 염원한다.

선우를 무사 귀환시키기 위해서 5년 전 나래호 사고의 책임을 지고
산에 묻혀 지내던 전임 센터장 ‘김재국’(설경구)이 다시 합류하지만,
그의 힘만으로는 역부족이다.

선우를 구출할 또 다른 희망인 NASA 유인 달 궤도선 메인 디렉터 ‘윤문영’(김희애)에게
도움을 청해보지만 그마저 쉽지 않다.
재국은 또다시 누군가를 잃지 않기 위해 마지막으로 자신의 모든 것을 걸어 보는데….

우주에 홀로 고립된 대원과 그의 무사 귀환에 모든 것을 건 남자
살기 위한, 살려내기 위한 고군분투가 시작된다."
보호자,"액션, 드라마","“살면서 내가 선택했던 모든 것을 다 후회했어”


10년 만에 출소한 ‘수혁’(정우성)은 자신에게 딸이 있다는 사실을 알게 되고
조직을 떠나 평범하게 살기로 결심한다.
‘수혁’의 출소를 기다리던 보스 ‘응국’(박성웅)은 ‘수혁’에게 배신감을 느끼고
자신의 오른팔이자 조직의 2인자 ‘성준’(김준한)에게 그를 감시하라 지시한다.
‘수혁’에 대한 열등감으로 가득 찬 ‘성준’은
일명 세탁기라 불리는 2인조 해결사 ‘우진’(김남길)과 ‘진아’(박유나)에게
‘수혁’을 제거할 것을 의뢰하고
자신들의 방식대로 무자비하게 타겟을 처리하는 이들은 ‘수혁’을 죽이기 위해 접근하는데…


평범한 삶, 가장 위험한 꿈이 되었다"
30일,코미디,"“완벽한 저에게 신은 저 여자를 던지셨죠”
지성과 외모 그리고 찌질함까지 타고난, '정열'(강하늘).

“모기 같은 존재죠. 존재의 이유를 모르겠는?”
능력과 커리어 그리고 똘기까지 타고난, '나라'(정소민).

영화처럼 만나 영화같은 사랑을 했지만
서로의 찌질함과 똘기를 견디다 못해 마침내 완벽한 남남이 되기로 한다.

그러나!
완벽한 이별을 딱 D-30 앞둔 이들에게 찾아온 것은... 동반기억상실?

올 추석,
기억도 로맨스도 날리고 웃음만 남긴 이들의
제대로 터지는 코미디가 온다!"
화사한 그녀,코미디,"인생 역전 한방을 꿈꾸는 화사한 작전꾼 ‘지혜’
매번 허당한 실력으로 허탕만 치던 그녀에게
600억이라는 일생일대의 기회가 찾아왔다!

실패는 사치다!라는 모토 아래
영혼까지 끌어 모은 마지막 작전을 시작하는데…"
소년들,"드라마, 범죄","이것이 무슨 수사여? 똥이제!

1999년 전북 삼례의 작은 슈퍼마켓에서 강도 살인 사건이 발생한다.
경찰의 수사망은 단번에 동네에 사는 소년들 3인으로 좁혀지고,
하루아침에 살인자로 내몰린 이들은 영문도 모른 채 감옥에 수감된다.

이듬해 새롭게 반장으로 부임 온 베테랑 형사 '황준철'(설경구)에게
진범에 대한 제보가 들어오고, 그는 소년들의 누명을 벗겨주기 위해 재수사에 나선다.
하지만 당시 사건의 책임 형사였던 '최우성'(유준상)의 방해로
모든 것이 수포로 돌아가고, '황반장'은 좌천된다.

그로부터 16년 후,
'황반장' 앞에 사건의 유일한 목격자였던 '윤미숙'(진경)과 소년들이 다시 찾아오는데…"
뉴 노멀,스릴러,"새로운 시대가 열렸다.
오늘, 당신의 공포는 일상이 된다."
밀수,액션,"열길 물속은 알아도 한길 사람 속은 모른다!

평화롭던 바닷가 마을 군천에 화학 공장이 들어서면서 하루아침에 일자리를 잃은 해녀들.

먹고 살기 위한 방법을 찾던 승부사 '춘자'(김혜수)는

바다 속에 던진 물건을 건져 올리기만 하면 큰돈을 벌 수 있다는

밀수의 세계를 알게 되고 해녀들의 리더 '진숙'(염정아)에게 솔깃한 제안을 한다.

위험한 일임을 알면서도 생계를 위해 과감히 결단을 내린 해녀 '진숙'은

전국구 밀수왕 '권 상사'를 만나게 되면서 확 커진 밀수판에 본격적으로 빠지게 된다.

그러던 어느 날, 일확천금을 얻을 수 있는 일생일대의 기회가 찾아오고

사람들은 서로를 속고 속이며 거대한 밀수판 속으로 휩쓸려 들어가기 시작하는데...

물길을 아는 자가 돈길의 주인이 된다!"
천박사 퇴마 연구소: 설경의 비밀,"판타지, 액션","대대로 마을을 지켜 온 당주집 장손이지만
정작 귀신은 믿지 않는 가짜 퇴마사 ‘천박사’(강동원).

사람의 마음을 꿰뚫는 통찰력으로 가짜 퇴마를 하며, 의뢰받은 사건들을 해결해 오던 그에게
귀신을 보는 의뢰인 ‘유경’(이솜)이 찾아와 거액의 수임료로 거절하기 힘든 제안을 한다.

‘천박사’는 파트너 ‘인배’(이동휘)와 함께 ‘유경’의 집으로 향하고 그곳에서 벌어지는 사건을 쫓으며
자신과 얽혀 있는 부적인 ‘설경’의 비밀을 알게 되는데…

귀신을 믿지 않는 가짜 퇴마사!
그의 세계를 흔드는 진짜 사건이 나타났다!"
범죄도시3,"범죄, 액션","대체불가 괴물형사 마석도, 서울 광수대로 발탁!

베트남 납치 살해범 검거 후 7년 뒤,
‘마석도’(마동석)는 새로운 팀원들과 함께 살인사건을 조사한다.
사건 조사 중, ‘마석도’는 신종 마약 사건이 연루되었음을 알게 되고 수사를 확대한다.
한편, 마약 사건의 배후인 '주성철'(이준혁)은 계속해서 판을 키워가고
약을 유통하던 일본 조직과 '리키'(아오키 무네타카)까지 한국에 들어오며
사건의 규모는 점점 더 커져가는데...

나쁜 놈들 잡는 데 이유 없고 제한 없다
커진 판도 시원하게 싹 쓸어버린다!"
달짝지근해: 7510,코미디,"타고난 미각 100%, 현실 감각은 0% 제과 연구원 ‘치호’(유해진).
과자밖에 모르는 ‘치호’ 앞에 직진밖에 모르는 세상 긍정 마인드 ‘일영’(김희선)이 나타나고,
‘치호’는 인생의 새로운 맛을 알아가기 시작한다.
여기에 염치없고 철까지 없는 형 ‘석호’(차인표), 자아도취 제과회사 사장 ‘병훈’(진선규),
예측불가한 과몰입러 ‘은숙’(한선화)까지 제대로 엮이게 된 ‘치호’.
매일 쳇바퀴 같은 삶을 살던 그의 인생이 버라이어티한 변화로 뒤덮이기 시작하는데...
OMG 세상에 이런 맛이!
올여름, 달짝지근해진 그가 온다!"
버텨내고 존재하기,다큐멘터리,"음악을 만드는 사람의 얼굴 같은 음악
공간을 지켜내는 사람의 얼굴 같은 공간

1935년 개관, 호남지역 최초의 극장 ‘광주극장’은 오늘도 같은 자리에서 영화를 상영 중이다.
88년간 변함없는 얼굴로 관객들을 맞이했을 이곳의 매표소, 상영관, 영사실, 사무실, 계단과 복도.
이곳에 고상지&이자원, 곽푸른하늘, 김사월, 김일두, 불나방스타쏘세지클럽,
아마도이자람밴드, 정우, 최고은&주소영 등 영화를 사랑하는
국내 최고의 인디 뮤지션 8팀이 모였다.
‘버텨내고 존재하는’ 모든 것들을 위한 음악의 다정한 러브레터!
바라건데 가치있게, 흔쾌히 버텨내고 존재하기!"
오픈 더 도어,"미스터리, 스릴러","이른 새벽, 미국 뉴저지의 한 세탁소에서 총성이 울려 퍼진다.
살인 사건은 세간을 떠들썩하게 하지만 범인이 잡히지 않은 채 서서히 잊혀진다.
7년 후, 행복했던 가족의 과거를 추억하던 두 남자는 술을 마시던 중
숨겨진 비밀을 마주하게 되는데…

절대 열어서는 안 되는 판도라의 상자, 당신은 여시겠습니까?"
콘크리트 유토피아,"드라마, 기타","“아파트는 주민의 것”

온 세상을 집어삼킨 대지진, 그리고 하루아침에 폐허가 된 서울.
모든 것이 무너졌지만 오직 황궁 아파트만은 그대로다.

소문을 들은 외부 생존자들이 황궁 아파트로 몰려들자
위협을 느끼기 시작하는 입주민들.
생존을 위해 하나가 된 그들은 새로운 주민 대표 ‘영탁’을 중심으로
외부인의 출입을 철저히 막아선 채 아파트 주민만을 위한 새로운 규칙을 만든다.

덕분에 지옥 같은 바깥 세상과 달리
주민들에겐 더 없이 안전하고 평화로운 유토피아 황궁 아파트.

하지만 끝이 없는 생존의 위기 속
그들 사이에서도 예상치 못한 갈등이 시작되는데...!

살아남은 자들의 생존 규칙
따르거나
떠나거나"
써클,스릴러,"다섯 명의 여인을 살해한 후 그 시체에 그림을 그리는 등 엽기적인 행각을 벌이던 연쇄 살인범 조명구가 여섯 번째 범행을 저지른 현장에서 검거된다. 화려한 머리염색과 예상 못할 돌출 행동으로 유명한 열혈 여검사 오현주는 명구의 유죄를 확신하며 사형을 주장하고, 현주의 대학 동창이자 과거의 연인이었더 윤병두가 국선 변호를 자원하게 된다. 국립과학 수사 연구소 자료실 안에서 발견된 성행위 도중 성기가 빠지지 않은 채 죽었다는 왜정 때의 산홍이와 광림의 '성기 표본'과 죽은 산홍의 시체 속에서 한달 동안이나 생명을 유지한 '영아의 표본'... 명구가 범인이 아니라고 주장하는 미향의 등장.. 최면술을 통해 명구와 미향이 전행의 광림과 산홍이라는 사실이 밝혀지고, 수사는 갈수록 미궁으로 빠지게 되는데.. ..인생은 그들을 둘러싸고 또 다시 톱니바퀴처럼 맞물려 돌아가고 있다..."
롱디,"멜로/로맨스, 코미디","“5년 만나는 동안 이렇게 떨어져 본 적이 있나?”

여자친구 ‘태인’의 갑작스러운 이사로 계획에도 없는 장거리 연애를 시작한 ‘도하’.
매일 같이 쉴 새 없이 이어지는 카톡과 영상통화에도
넘쳐나는 사랑을 표현하기에는 한없이 모자란 ‘도하’는 ‘태인’ 몰래 프로포즈를 준비한다.

하지만 점점 뜸해지는 ‘태인’의 연락.
‘도하’는 예전 같지 않은 ‘태인’에게 점점 믿음이 깨지는 것을 느끼는데…

화면 너머로 사랑을 이어가는 건 정말 어려운 걸까?
MZ 세대가 전하는 이 시대의 새로운 사랑법!"
화란,드라마,지옥 같은 현실에서 벗어나고 싶은 소년 ‘연규’가 조직의 중간 보스 ‘치건’을 만나 위태로운 세계에 함께 하게 되며 펼쳐지는 이야기
괴담만찬,공포(호러),"소원을 이루기 위해 무심코 한 댄스 챌린지
한강 다리 밑 목 꺾인 도플갱어가 알려준 입시 비법
잭팟 터트린 후 절대 가면 안 되는 ◆◆모텔 307호의 비밀
고급 ●●아파트 입주민 전용 헬스장의 금기
■■연구실에서 현재 진행 중인 잔인한 실험
구독자 154만 먹방 BJ가 라이브 중 저지른 돌출 행동
욕망에 눈먼 이들에게 닥친 죽음보다 더한 공포!"
빈틈없는 사이,멜로/로맨스,"벽 사이로 옆집과의 기막힌 동거!

가수의 꿈을 위해 오디션을 준비 중인 ‘승진’(이지훈).
죽마고우 친구들과 발품 팔아 구한 방에서 첫날 밤을 보내려는 순간,
어디선가 들려오는 한 맺힌 여인의 울음소리! 소리의 정체는 바로,
방음이 전혀 안 되는 집 때문에 다양한 방법으로 이사 오는 족족
옆집을 내쫓았던 ‘라니’(한승연)의 방해 공작!
하지만 승진은 호락호락한 상대가 아니었다!
벽 너머를 오가는 기상천외한 소음전쟁 끝에,
시간을 나눠 쓰는 동거 아닌 동거가 시작되고!
이름도, 얼굴도 모르는 서로의 일상을 공유하며
점점 미묘한 감정에 사로잡히는데…

살벌달콤 신개념 철벽 로맨스!
휴식도 연애도 쉴 틈 없이 빈틈없는 우리 사이, 이런 연애 처음일걸?"
핸드폰,스릴러,"잃어버린 순간, 표적이 된다! 연예계 밑바닥부터 시작해 오직 성공만을 향해 달려 온 매니저 승민(엄태웅). 매일 밤 끊이지 않는 술자리 접대 때문에 사채업자에게 가족의 신변마저 위협당하고 있는 승민에게 여배우 진아(이세나)는 마지막 희망이자 전부다. 그런 승민에게 진아의 억대 CF 계약을 목전에 두고 진아의 섹스동영상을 갖고 있다는 진아의 남자친구 윤호(김남길)이 협박을 해온다. 승민의 핸드폰에 문제의 동영상을 전송하고, 돈을 요구하는 윤호. 승민은 사태를 해결하기 위해 고군분투하다, 핸드폰을 실수로 잃어버리고 패닉 상태에 빠진다. 돌려받고 싶어? 어떤 대가를 치르더라도? 초조해진 승민은 핸드폰을 주운 누군가가 핸드폰에 담긴 문제의 섹스동영상을 봤다고 직감한다. 몇 차례 시도 끝에 드디어 핸드폰을 습득한 이규(박용우)와 통화를 하게 된 승민. 자신의 정체를 숨긴 채 이규는 핸드폰을 되돌려 주는 조건으로 세 가지 조건을 내건다. 첫째, 전화를 공손하게 받을 것. 둘째, 반말하지 말 것. 셋째, 자신이 지목한 누군가를 손 봐 줄 것. 자신의 인생을 송두리째 뒤바꿀 수 있는 치명적 비밀이 담긴 핸드폰을 되찾기 위해 승민은 이규의 요구대로 꼭두각시처럼 움직인다. 하지만 점점 더 걷잡을 수 없이 위험해지는 요구에 승민은 이규를 잡기 위한 목숨 건 추적을 시작한다."
극락도 살인사건,"공포(호러), 미스터리, 스릴러","1986년, 아시안게임으로 세상이 떠들썩하던 9월. 목포앞바다에서 토막 난 사람 머리통이 발견된다. 사체 부검 결과, 토막 난 머리통의 주인이 인근에 위치한 섬, 극락도 주민이라는 사실이 밝혀지고 특별조사반은 본격적인 수사를 위해 사건 현장 탐문에 나선다. 형사들은 송전 기사의 합숙소와 보건소로 추정되는 곳에서 살인사건의 흔적으로 보이는 핏자국과 부서진 무전기 등을 발견하지만, 끝내 한 구의 시체도 찾아내지 못한다. 바깥 세상 돌아가는 일엔 도통 관심이 없는 듯 순박하기만 한 섬주민 17명이 사는 작은 섬, 극락도. 천국 같은 이 곳에서 끔찍한 살인사건이 발생한다. 김노인의 칠순 잔치가 벌어진 다음날 아침, 두 명의 송전기사의 사체가 발견된 것. 함께 화투판에 있었던 덕수(권명환 분)가 유력한 용의자로 떠오르지만 그의 행방마저 묘연한 채 사건은 미궁으로 빠져든다. 섬 주민 전원이 용의자일수도, 피해자 일수도 있는 혼란스러운 상황, 난생 처음 살인사건을 맞닥뜨린 마을 사람들은 보건 소장 제우성(박해일 분)을 필두로 화투판 살인사건 범인을 추리하는데 열을 올리지만, 이웃들의 주검만 늘어간다. 한편, 우연한 기회에 이번 살인사건과 관련된 듯한 모종의 쪽지를 발견한 학교 소사 춘배(성지루 분)는 쪽지의 의미를 알아내기 위해 혈안이 되는데.."
홀리데이,"드라마, 스릴러, 범죄","단 1초라도... 맑은 공기를 마시며 죽고 싶다... 1988년 10월... 올림픽이라는 세계적인 행사를 끝마치고 세계 4위라는 감흥에서 빠져 나오지 못했던 그 때... 징역 7년, 보호감호 10년형을 받아 복역중인 지강혁과 죄수들이 호송차를 전복 탈출하는 세상을 깜짝 놀라게 하는 사건이 발생한다. 살아도 같이 살고 죽어도 같이 죽는다! 권총 1정과 실탄을 빼앗아 무장탈주에 성공한 강혁과 일당들은 원정강도와 가정집을 돌며 인질극을 벌이는 등 서울을 공포의 도가니로 몰아넣는다. 하지만 인질로 잡힌 사람들은 매스컴에서 말하는 흉악범이라는 이야기와 달리 인간적이고 예의바른 강혁 일당에게 연민의 정을 느끼게 된다. 有錢無罪 無錢有罪 그렇게 탈주 9일째 되던 날, 북가좌동의 가정집에 숨어있던 강혁 일당은 자신들을 끈질기게 쫓던 경찰관 안석에게 발각되고 경찰과 최후의 대치극을 펼치게 된다. 강혁의 마지막 소원인 비지스의 `Holiday`가 울려 퍼지는 가운데 지강혁은 자신들을 둘러 싸고 있는 경찰과 매스컴을 향해 외친다. ""유전무죄, 무전유죄. 돈이 있으면 죄가 없고 돈이 없으면 죄가 된다..."" 울리는 총성! 강혁의 외침은 TV 등 매스컴을 통해 전국으로 울려 퍼지고, 강혁은 일당들과 함께 최후의 선택을 하게 되는데..."
1947 보스톤,드라마,"“나라가 독립을 했으면 당연히 우리 기록도 독립이 되어야지!”

1936년 베를린 올림픽, 세계 신기록을 세운 마라톤 금메달리스트 ‘손기정’.
기미가요가 울려 퍼지는 시상대에서 화분으로 가슴에 단 일장기를 가렸던 그는
하루아침에 민족의 영웅으로 떠올랐지만
일제의 탄압으로 더 이상 달릴 수 없게 된다.

광복 이후 1947년 서울,
제2의 손기정으로 촉망받는 ‘서윤복’에게 ‘손기정’이 나타나고
밑도 끝도 없이 ‘보스톤 마라톤 대회’에 나가자는 제안을 건넨다.
일본에 귀속된 베를린 올림픽의 영광을 되찾기 위해
처음으로 태극마크를 가슴에 새기고 달려 보자는 것!

운동화 한 켤레 살 돈도 없던 대한의 마라토너들은
미국 보스톤으로 잊을 수 없는 여정을 시작하는데…"
타겟,스릴러,영화 <타겟>은 중고거래로 범죄의 표적이 된 수현의 일상 속에서 벌어지는 서스펜스를 담은 스릴러
가문의 영광: 리턴즈,코미디,"전설의 가문이 돌아왔다!
가문의 영광은 결혼?! 사생결단 결혼성사 대작전이 펼쳐진다!

돈과 권력을 쥐고 있는 전설의 장씨 가문!
가문의 수장 ‘홍회장’에게 골칫거리가 딱 하나 있는데, 비혼주의를 선언한 막내딸 ‘진경’이다.
어느 날 ‘진경’은 처음 본 남자 ‘대서’와 하룻밤을 보내게 되고
이 사실을 알게 된 장씨 가문은 일등 사윗감의 조건을 두루 갖춘 ‘대서’와 ‘진경’을
결혼시키기 위해 온갖 음모를 꾸미기 시작하는데…

장씨 가문에게 던져진 지상 최대의 과제!
세기의 결혼은 과연 성공할 수 있을까?"
거미집,"코미디, 드라마","“결말만 바꾸면 걸작이 된다, 딱 이틀이면 돼!”

1970년대 꿈도 예술도 검열당하던 시대
성공적이었던 데뷔작 이후, 악평과 조롱에 시달리던 김감독(송강호)은
촬영이 끝난 영화 ‘거미집’의 새로운 결말에 대한 영감을 주는 꿈을 며칠째 꾸고 있다.
그대로만 찍으면 틀림없이 걸작이 된다는 예감, 그는 딱 이틀 간의 추가 촬영을 꿈꾼다.
그러나 대본은 심의에 걸리고, 제작자 백회장(장영남)은 촬영을 반대한다.
제작사 후계자인 신미도(전여빈)를 설득한 김감독은 베테랑 배우 이민자(임수정), 톱스타 강호세(오정세), 떠오르는 스타 한유림(정수정)까지 불러 모아 촬영을 강행하지만, 스케줄 꼬인 배우들은 불만투성이다.
설상가상 출장 갔던 제작자와 검열 담당자까지 들이닥치면서 현장은 아수라장이 되는데…

과연 ‘거미집’은 세기의 걸작으로 완성될 수 있을까?"
버닝,미스터리,"“이제 진실을 얘기해봐”
유통회사 알바생 종수(유아인)는 배달을 갔다가 어릴 적 같은 동네에서 살았던 해미(전종서)를 만나고, 그녀에게서 아프리카 여행을 간 동안 자기가 키우는 고양이를 돌봐 달라는 부탁을 받는다. 여행에서 돌아온 해미는 아프리카에서 만난 벤(스티븐 연)이라는 정체불명의 남자를 종수에게 소개한다.

어느 날 벤은 해미와 함께 종수의 집으로 찾아와 자신의 비밀스러운 취미에 대해 고백한다. 그때부터 종수는 무서운 예감에 사로잡히게 되는데..."
소울메이트,드라마,"“날도 더웠고 수업도 지루했고.. 그렇게 졸리고 나른하던 날에 너를 처음 만났어”
1998년, 처음 만났다

“누굴 좋아하면 용기내야 된대”
2004년, 첫사랑이 생겼다

“몰랐어? 나 원래 이렇게 살아”
2010년, 각자 어른이 되어간다

“가장 그리운 건…너였어”
2014년, 흔적을 따라간다

“이젠 니 얼굴을 그리고 싶어. 사랑없인 그릴 수조차 없는 그림 말이야”
지금, 그리움을 그리다

2023년 3월 15일, 당신의 <소울메이트>가 찾아옵니다."
비공식작전,드라마,실종된 동료를 구하기 위해 레바논으로 떠난 외교관 민준과 현지 택시기사 판수의 버디 액션 영화
잠,미스터리,"행복한 신혼부부 ‘현수’(이선균)와 ‘수진’(정유미).
어느 날, 옆에 잠든 남편 ‘현수’가 이상한 말을 중얼거린다.
“누가 들어왔어”

그날 이후, 잠들면 마치 다른 사람처럼 변하는 ‘현수’.
깨어나면 아무것도 기억하지 못하는 ‘현수’는 잠들면 가족들을 해칠까 두려움을 느끼고
‘수진’은 매일 잠드는 순간 시작되는 끔찍한 공포 때문에 잠들지 못한다.
치료도 받아보지만 ‘현수’의 수면 중 이상 행동은 점점 더 위험해져가고
‘수진’은 곧 태어날 아이까지 위험에 빠질지도 모른다는 생각에 갖은 노력을 다해보는데…"
드림,"코미디, 드라마","“국가를… 대표하시는 분들이구나…”

선수 생활 사상 최악의 위기를 맞은 쏘울리스 축구 선수 홍대(박서준)
계획도, 의지도 없던 홈리스 풋볼 월드컵 감독으로 재능기부에 나서게 된다

각본 없는 각본(?)으로 열정리스 현실파 PD 소민(아이유)이 다큐 제작으로 합류하게 되면서
뜯어진 운동화와 슬리퍼, 늘어진 반팔 티셔츠를 필두로
운동이라고는 한 번도 해본 적 없는 특별한(!) 선수들이 국가대표로 선발된다

택견인지 축구인지 헷갈리는 실력과 발보다 말이 앞서는 홈리스 선수들의 환장할 팀워크,
다큐에 대사와 상황 그리고 진정성 없는 연출을 강요하는 소민에
기가 막히는 감독 홍대

하지만 포기할 틈도 없이, 월드컵 출전일은 코앞으로 다가오는데...!
이들의 도전은 성공할 수 있을까?

쏘울리스 감독, 열정리스 PD, 그리고 홈리스 국대
부족한 것 투성인 드림팀의 생애 단 한 번의 기회!"
탄생,드라마,"1845년, 조선 근대의 문을 열다!
새로운 세상을 꿈꾼 청년 김대건의 위대한 모험

호기심 많고 말보다 행동이 앞서는 청년 김대건.
조선 최초의 신부가 되라는 운명을 기꺼이 받아들이고,
신학생 동기 최양업, 최방제와 함께 마카오 유학길에 나선다.
나라 안팎으로 외세의 침략이 계속되고 아편전쟁이 끝나지 않은 시기,
김대건은 바다와 육지를 종횡무진 누비며 마침내 조선 근대의 길을 열어젖힌다!"
라디오 스타,드라마,"잠잠했던 88년도 가수왕 최곤. 매니저 속도 모르고 또 사고 치다. 명곡 '비와 당신'으로 88년 가수 왕을 차지했던 최곤은 그 후 대마초 사건, 폭행사건 등에 연루돼 이제는 불륜커플을 상대로 미사리 까페촌에서 기타를 튕기고 있는 신세지만, 아직도 자신이 스타라고 굳게 믿고 있다. 조용하나 싶더니 까페 손님과 시비가 붙은 최곤은 급기야 유치장 신세까지 지게 되는데…일편단심 매니저 박민수는 합의금을 찾아 다니던 중 지인인 방송국 국장을 만나고, 최곤이 영월에서 DJ를 하면 합의금을 내준다는 약속을 받아낸다. 라디오 DJ로 컴백한 철없는 락스타의 겁없는 방송이 시작된다. 프로그램 명 '최곤의 오후의 희망곡' 하지만 DJ자리를 우습게 여기는 최곤은 선곡 무시는 기본, 막무가내 방송도 모자라 부스 안으로 커피까지 배달시킨다. 피디와 지국장마저 두 손 두발 다 들게 만드는 방송이 계속되던 어느 날, 최곤은 커피 배달 온 청록 다방 김양을 즉석 게스트로 등장시키고 그녀의 사연이 많은 이들의 심금을 울리며 방송은 점차 주민들의 호응을 얻는다. 그러나 성공에는 또 다른 대가가 있는 법… 서로 눈빛만 보아도 알 것 같은 두 남자 때문에, 오늘 전국이 울고 웃는다."
두다다쿵: 후후섬의 비밀,애니메이션,"“두다, 후후섬에 가면 엄마를 찾을 수 있을 거야!""

두다를 위해 친구들이 뭉쳤다!
후후섬에 가기 위해서는 신비의 꽃, 빛나는 크리스털을 찾아야 해!
우리 핑카 타고 모험을 떠나볼까?

“우와! 전설의 눈토끼 마을에 도착했어!”

뭐? 보름달이 뜰 때마다 용이 내려와 아기 토끼들을 데려간다고?
용으로부터 아기 토끼들을 구하고
후후섬에 가기 위한 보물들을 얻어야 해!

다들 함께 할 준비됐지?
다 함께 두다다다 출발 =3=3"
데시벨,액션,"소음이 커지는 순간 폭.발.한.다

물이 끓는 주전자 소리, 창문 여는 소리, 놀이터 아이들의 웃음 소리…
잠시 후, 거대한 굉음과 함께 단독 주택이 폭발했다는 뉴스 속보가 전해진다.
그리고, 뉴스를 지켜보던 전직 해군 부함장(김래원)에게 걸려온 전화

“소음이 커지면 터집니다. 다음 타깃은 축구 경기장이에요”

사태를 파악할 겨를도 없이, 관중들로 가득 찬 축구 경기장을
다음 테러의 타깃으로 지목하는 폭탄 설계자(이종석)

소음이 커지는 순간 폭발하는 특수 폭탄의 위협은 계속되고,
사상 최대의 도심 폭탄 테러를 막기 위해 모든 비밀을 손에 쥔 폭탄 설계자를 찾아야만 하는데…

도심 한복판에서 벌어지는 사운드 테러 액션
오늘 반드시 이 폭발을 막아야만 한다!"
1987,드라마,"“책상을 탁! 치니 억! 하고 죽었습니다”

1987년 1월, 경찰 조사를 받던 스물두 살 대학생이 사망한다.
증거인멸을 위해 박처장(김윤석)의 주도 하에 경찰은 시신 화장을 요청하지만, 사망 당일 당직이었던 최검사(하정우)는 이를 거부하고 부검을 밀어붙인다.
단순 쇼크사인 것처럼 거짓 발표를 이어가는 경찰. 그러나 현장에 남은 흔적들과 부검 소견은 고문에 의한 사망을 가리키고, 사건을 취재하던 윤기자(이희준)는 ‘물고문 도중 질식사’를 보도한다. 이에 박처장은 조반장(박희순)등 형사 둘만 구속시키며 사건을 축소하려 한다.
한편, 교도소에 수감된 조반장을 통해 사건의 진상을 알게 된 교도관 한병용(유해진)은 이 사실을 수배 중인 재야인사에게 전달하기 위해 조카인 연희(김태리)에게 위험한 부탁을 하게 되는데…

한 사람이 죽고, 모든 것이 변화하기 시작했다.
모두가 뜨거웠던 1987년의 이야기."
사바하,"미스터리, 스릴러","신흥 종교 비리를 찾아내는 종교문제연구소 ‘박목사’(이정재).
최근 사슴동산이라는 새로운 종교 단체를 조사 중이다.
영월 터널에서 여중생이 사체로 발견되는 사건이 발생하고
이를 쫓던 경찰과 우연히 사슴동산에서 마주친 박목사는 이번 건이 심상치 않음을 직감한다.
터널 사건 유력 용의자의 자살, 그리고 실체를 알 수 없는 정비공 ‘나한’(박정민)과
16년 전 태어난 쌍둥이 동생 ‘금화’(이재인)의 존재까지,
사슴동산에 대해 파고들수록 박목사는 점점 더 많은 미스터리와 마주하게 되는데…!

그것이 태어나고 모든 사건이 시작되었다"
특송,"범죄, 액션","2022년을 여는 가장 짜릿한 범죄 오락 액션의 탄생!

예상치 못한 배송사고로 걷잡을 수 없는 사건에 휘말린
특송 전문 드라이버 ‘은하’.
어쩌다 맡게 된 반송 불가 수하물에 출처를 알 수 없는 300억까지!
경찰과 국정원의 타겟이 되어
도심 한복판 모든 것을 건 추격전을 벌이게 되는데…

NO브레이크! FULL엑셀!
성공률 100% 특송 전문 드라이버가 온다!"
악마들,"액션, 스릴러","“나한테 대체 무슨 짓을 한 거야?”

아무런 동기도, 흔적도 없이 이어지는 연쇄 살인.
살인마의 손에 소중한 동료이자 가족을 잃은 형사 ‘재환’은
증오에 휩싸여 그의 뒤를 쫓는데 몰두한다.

어느 날, 살인마 ‘진혁’과 추격전 끝에 병실에서 눈을 뜬 ‘재환’.
알 수 없는 이유로 ‘진혁’과 몸이 뒤바뀐 것을 확인하고,
‘진혁’은 가족을 인질 삼아 ‘재환’을 협박한다.

결국 살인마의 몸으로 살인마를 잡기 위해
다시 한번 목숨 건 추격을 시작하는 재환.

“아니, 진짜 게임은 지금부터야.”"
아버지의 마음,다큐멘터리,"행복하지 않다고 말하는 시대에 살고 있는 우리는 행복한 삶을 추구한다.
하지만 자신의 노력으로 더 나은 미래를 만들 수 없다고 느낄 때, 행복을 박탈당하게 된다.

늪에서 헤어 나오지 못하는 이들을 향해 마음을 주는 사람들.
절망의 늪에서 펼쳐지는 기적의 이야기

71년 전, 굶주림과 추위 속에서 죽어가는 한국전쟁고아를 아버지의 마음으로 바라보며
눈물 훔치던 이가 있었는데 에버렛 스완슨(Everett Swanson, 1913-1965)이었다.

그가 한국전쟁고아를 향한 연민으로 시작하게 된 컴패션 Compassion은
한국인 고아 캐시를 비롯해 10만 명 이상의 한국 어린이에게 기적을 선물했다.
또한 그가 품었던 아버지 마음은 전 세계 아이들을 향해 흘러갔다.

1994년 아버지를 잃은 르완다 소년 메소드와
2020년, 아들을 잃은 한국 아버지 황태환의 이야기
한 사람의 힘으로 세상을 바꾸고 선한 영향력을 끼치는 사랑의 릴레이
그것은 주는 사람, 받는 사람이 함께 성장하는 희망과 감동의 이야기다.

자, 그렇다면 이제부터 우리는 무엇을 해야 할까?"
나비효과,"코미디, 드라마, 멜로/로맨스","노래면 노래, 춤이면 춤!
못 하는 게 없는 밴드 ‘나비효과’의 보컬 ‘주연’(홍수아)

현실에 치여 음악을 그만 둔 그녀 앞에,
별안간 아버지의 시한부 선고가 쿵! 떨어진다

시한부 아버지의 마지막 소원은 바로,
죽기 전에 ‘주연’의 모습을 TV에서 보는 것!

‘주연’은 아버지의 마지막 소원을 들어드리기 위해,
천재 기타리스트이자 친구인 ‘승기’(윤성모)와 함께
다시 무대에 서기로 결정하는데…

빽 없음, 열정 있음!
인디밴드 ‘나비효과’의 성공을 향한 도전이 시작된다!"
손,"공포(호러), 코미디","도와주세요!
저희 집 변기에서 손이 솟아났어요!



‘변기에서 손이 솟아났다’니, 그게 무슨 황당한 말이냐고요?
제가 간밤에 술을 좀 많이 먹긴 했는데… 그래도 진짜예요, 믿어주세요!
아내는 놀라서 기절해버리고, 경비원 아저씨도 애꿎은 저를 의심해요.
이제 어떡하죠? 믿을 건 119 밖에 없는데!

으악!
‘손’이 제멋대로 움직이기 시작했어요!
이거 설마… 사람도 죽이는 건가봐요!

이제 저는 뭘 어떻게 해야 할까요?
저는 이 무시무시한 ‘손’으로부터 벗어날 수 있을까요?"
귀공자,액션,"“난 단 한번도 타겟을 놓쳐 본 적이 없거든”

필리핀에서 불법 경기장을 전전하며 병든 어머니와 살아가는 복싱 선수 ‘마르코’.
어머니의 수술비 마련을 위해 평생 본 적 없는 아버지를 만나러 한국으로 향하던
그의 앞에 정체불명의 남자 ‘귀공자’가 나타나 그를 추격하기 시작한다.

‘마르코’ 주위를 쑥대밭으로 만들며 숨통을 조여오는 ‘귀공자’를 필두로,
‘마르코’를 집요하게 추격하는 재벌 2세 ‘한이사’,
필리핀에 이어 한국에서 우연히 ‘마르코’와 재회한 미스터리한 인물 ‘윤주’까지.

각기 다른 목적을 가진 이들은 단 하나의 타겟을 쫓아 모여들고,
그 무엇도 예측할 수 없는 혼란과 광기 속
‘마르코’는 충격적인 진실을 마주하게 되는데…

단 하나의 타겟, 광기의 추격이 시작된다!"
제이홉 인 더 박스,다큐멘터리,"BTS 10th Anniversary FESTA를 맞이하여,
전 세계 극장에서 개봉하는 제이홉 솔로 다큐멘터리.
다 같이 모여, 영화관 큰 스크린으로 즐기는 축제!

I'm your HOPE. You're my HOPE. I'm j-hope.
판도라 상자 안 가장 깊숙한 곳, 마지막으로 남은 것은 희망.
2022년 7월 31일 미국 시카고, 세계 최대 뮤직 페스티벌 ‘롤라팔루자’에 제이홉은 솔로 아티스트로서,
대한민국 뮤지션 최초로 메인 스테이지 헤드라이너로 무대에 섰다.
춤밖에 모르던 정호석에서 세계적인 그룹 방탄소년단의 메인 댄서이자 래퍼가 된 제이홉.
‘Dynamite’와 ‘Butter’의 대대적인 성공 이후, 그는 첫 공식 솔로 앨범 작업을 시작한다.
솔로 아티스트로서의 정체성에 대한 고민과 불안이 불현듯 밀려들지만,
제이홉은 자신에 대한 용기와 믿음, 춤과 음악 그 자체를 즐기는 긍정의 힘으로,
이제 상자 밖으로 나와 세상을 맞이하기 위한 준비에 나선다.
‘Jack In The Box’의 제작기와 리스닝 파티, ‘롤라팔루자’의 공연 준비부터 무대 위 비상하는 모습까지
200여 일간 아티스트 제이홉의 일상의 기록을 담아낸 다큐멘터리."
극장판 슈퍼윙스: 맥시멈 스피드,애니메이션,"세상에서 가장 빠른 비행기 ‘호기’
장난감 악당에 맞서 지구를 구해줘!
누구보다 빠른 스피드로 사람들에게 꿈과 희망을 배달하는 ‘호기’!
장난감이 인기가 없어져 버린 세상에서 악당 ‘빌리윌리’는
유튜브 스타들을 납치해 우주로 날려버릴 무시무시한 음모를 세운다.
100만 유튜버 ‘다인’은 납치된 엄마를 구하기 위해 ‘호기’와 함께 ‘빌리윌리’를 찾아나서는데…!
과연, ‘호기’는 ‘맥시멈 스피드’로 지구를 구할 수 있을까?"
우리 사랑이 향기로 남을 때,"멜로/로맨스, 코미디, 드라마","코 끝에서 시작되는 달콤한 사랑?!

삶에 치여 제대로 된 연애 한 번 못해본 남자 ‘창수’(윤시윤)
낯선 이에게 받은 향수를 뿌리자마자 여자들이 달려든다?!

가족에 치여 누굴 좋아해본 적도 없는 것 같은 여자 ‘아라’(설인아)
어느 날, 매일같이 타던 버스에서 나는 향기에 두근대기 시작한다

‘창수’에게 이끌린 ‘아라’는 영문도 모른 채 사랑에 빠지고,
서툴러도 조금씩 사랑을 키워나가던 그때!

갑작스럽게 등장한 전 애인 ‘제임스’(노상현)가 폭로한 ‘창수’의 비밀!

내가 사랑에 빠진 게, 향수 때문이라고?

2023년 2월, 마법 같은 로맨스가 시작된다!"
킬링 로맨스,코미디,"로맨스는 없다!
JOHN NA 죽여주는 작전만 있을 뿐!

대재앙 같은 발연기로 국민 조롱거리로 전락한 톱스타 ‘여래’(이하늬).
현실에서 벗어나고자 떠난 남태평양 ‘콸라’섬에서 운명처럼 자신을 구해준
재벌 ‘조나단’(이선균)을 만나 결혼을 하고 새로운 인생을 꿈꾸며 돌연 은퇴를 선언한다.

한편, 서울대가 당연한 집안에서 홀로 고독한 입시 싸움 중인 4수생 ‘범우’(공명)는
한때 자신의 최애였던 여래가 옆집에 이사온 것을 알게 되고
날마다 옥상에서 단독 팬미팅(?)을 여는 호사를 누린다.

그러던 어느 날 조나단의 사업 확장을 위한 인형 역할에 지친
여래는 완벽한 스크린 컴백을 위해 범우에게 SOS를 보내게 되고
이들은 여래의 인생을 되찾기 위한 죽여주는 계획을 함께 모의하는데…"
리바운드,드라마,"농구선수 출신 공익근무요원 ‘양현’은
해체 위기에 놓인 부산중앙고 농구부의 신임 코치로 발탁된다.
하지만 전국대회에서의 첫 경기 상대는 고교농구 최강자 용산고.
팀워크가 무너진 중앙고는 몰수패라는 치욕의 결과를 낳고
학교는 농구부 해체까지 논의하지만,
‘양현’은 MVP까지 올랐던 고교 시절을 떠올리며 다시 선수들을 모은다.

주목받던 천재 선수였지만 슬럼프에 빠진 가드 ‘기범’
부상으로 꿈을 접은 올라운더 스몰 포워드 ‘규혁’
점프력만 좋은 축구선수 출신의 괴력 센터 ‘순규’
길거리 농구만 해온 파워 포워드 ‘강호’
농구 경력 7년 차지만 만년 벤치 식스맨 ‘재윤’
농구 열정만 만렙인 자칭 마이클 조던 ‘진욱’까지

아무도 주목하지 않은 최약체 팀이었지만 신임 코치와 6명의 선수가
2012년 전국 고교농구대회에서 써 내려간 8일간의 기적

모두가 불가능이라 말할 때, 우리는 ‘리바운드’라는 또 다른 기회를 잡는다."
유령,"드라마, 액션","“유령에게 고함. 작전을 시작한다”

1933년, 일제강점기 경성. 항일조직 ‘흑색단’의 스파이인 ‘유령’이 비밀리에 활약하고 있다.
새로 부임한 경호대장 카이토는 ‘흑색단’의 총독 암살 시도를 막기 위해
조선총독부 내의 ‘유령’을 잡으려는 덫을 친다.
영문도 모른 채, ‘유령’으로 의심받고 벼랑 끝 외딴 호텔에 갇힌 용의자들.
총독부 통신과 감독관 쥰지, 암호문 기록 담당 차경, 정무총감 비서 유리코,
암호 해독 담당 천계장, 통신과 직원 백호. 이들에게 주어진 시간은 단 하루 뿐.
기필코 살아나가 동지들을 구하고 총독 암살 작전을 성공시켜야 하는 ‘유령’과
무사히 집으로 돌아가고 싶은 이들 사이, 의심과 경계는 점점 짙어지는데…

과연 ‘유령’은 작전에 성공할 수 있을 것인가?
“성공할 때까지 멈춰서는 안 된다”"
슈가: 로드 투 디데이,다큐멘터리,"BTS 10th Anniversary FESTA를 맞이하여,
전 세계 극장에서 개봉하는 슈가 솔로 다큐멘터리.
다 같이 모여, 영화관 큰 스크린으로 즐기는 축제!

“지금 현재 내가 하고 싶은 이야기를 찾고 싶어요”
18살, 한치 앞도 내다볼 수 없는 연습생 시절 고민 많고 걱정 많고 꿈 많던 소년 민윤기,
28살, 세계를 빛낸 아티스트로 원하던 모든 것을 가지게 된 방탄소년단 SUGA.
그리고 서른, 타고난 재능, 끝없는 노력, 빛나는 성공으로 깰 수 없는 기록을 깨고,
쓸 수 없는 역사를 쓰고 난 후 민윤기 혹은 SUGA 혹은 Agust D가 앨범 작업을 진행하며
지금 현재 새롭게 하고 싶은 이야기와 꾸고 싶은 꿈을 찾기 위해 길을 나선다.
그가 향한 곳에는 무엇이 있을까?
라스베가스, 말리부, 춘천, 평창, 샌프란시스코, 도쿄, 서울
다시 한번 꿈을 찾아 떠나는 여정,
그리고 그곳에서 만난 사람들
SUGA,
Road to MUSIC
Road to D-DAY"
이상한 나라의 수학자,드라마,"“정답보다 중요한 건 답을 찾는 과정이야”

학문의 자유를 갈망하며 탈북한 천재 수학자 '이학성’(최민식).
그는 자신의 신분과 사연을 숨긴 채
상위 1%의 영재들이 모인 자사고의 경비원으로 살아간다.

차갑고 무뚝뚝한 표정으로 학생들의 기피 대상 1호인 ‘이학성’은
어느 날 자신의 정체를 알게 된 뒤 수학을 가르쳐 달라 조르는
수학을 포기한 고등학생 ‘한지우’(김동휘)를 만난다.

정답만을 찾는 세상에서 방황하던 ‘한지우’에게
올바른 풀이 과정을 찾아나가는 법을 가르치며
‘이학성’ 역시 뜻하지 않은 삶의 전환점을 맞게 된다."
천문: 하늘에 묻는다,사극,"역사상 가장 위대한 왕 세종
관노로 태어나 종3품 대호군이 된 천재 과학자 장영실

20년간 꿈을 함께하며 위대한 업적을 이뤄낸 두 사람이었지만
임금이 타는 가마 안여(安與)가 부서지는 사건으로
세종은 장영실을 문책하며 하루아침에 궁 밖으로 내치고
그 이후 장영실은 자취를 감추는데...

조선의 시간과 하늘을 만들고자 했던 세종과 장영실!
그들의 숨겨진 이야기가 밝혀진다!"
